Time (s),Cell,Voltage (V),Current (A),Temperature (°C),SoC (%),Internal Resistance (Ω),Temperature Difference (°C),Temperature Rate (°C/s),Voltage Deviation (V),Resistance Deviation (Ω)
0,1,3.703,2.0,25.03,40.5,0.05,0.0,0.0,0.0,0.0
1,1,3.705,2.0,25.05,41.0,0.05,0.0,0.02,0.0,0.0
2,1,3.706,2.0,25.07,41.5,0.05,0.0,0.02,-0.001,0.0
3,1,3.709,2.0,25.09,42.0,0.05,0.0,0.02,-0.001,0.0
4,1,3.712,2.0,25.12,42.5,0.05,0.01,0.03,-0.001,0.0
5,1,3.714,2.0,25.14,43.0,0.05,0.01,0.02,-0.001,0.0
6,1,3.716,2.0,25.15,43.5,0.05,0.0,0.01,-0.002,0.0
7,1,3.718,2.0,25.17,44.0,0.05,-0.01,0.02,-0.004,0.0
8,1,3.722,2.0,25.2,44.5,0.05,0.01,0.03,-0.001,0.0
9,1,3.724,2.0,25.22,45.0,0.05,0.0,0.02,-0.003,0.0
10,1,3.727,2.0,25.25,45.5,0.05,0.01,0.03,-0.002,0.0
11,1,3.73,2.0,25.27,46.0,0.05,0.0,0.02,-0.002,0.0
12,1,3.732,2.0,25.29,46.5,0.05,0.0,0.02,-0.001,0.0
13,1,3.734,2.0,25.31,47.0,0.05,-0.01,0.02,0.0,0.0
14,1,3.735,2.0,25.33,47.5,0.05,-0.01,0.02,-0.001,0.0
15,1,3.737,2.0,25.36,48.0,0.05,0.0,0.03,-0.003,0.0
16,1,3.741,2.0,25.38,48.5,0.05,0.0,0.02,0.0,0.0
17,1,3.742,2.0,25.4,49.0,0.05,0.0,0.02,-0.001,0.0
18,1,3.745,2.0,25.42,49.5,0.05,0.0,0.02,-0.002,0.0
19,1,3.748,2.0,25.44,50.0,0.05,0.0,0.02,-0.001,0.0
20,1,3.749,2.0,25.47,50.5,0.05,0.0,0.03,-0.002,0.0
21,1,3.753,2.0,25.5,51.0,0.05,0.01,0.03,-0.002,0.0
22,1,3.755,2.0,25.52,51.5,0.05,0.01,0.02,-0.001,0.0
23,1,3.757,2.0,25.53,52.0,0.05,-0.01,0.01,-0.001,0.0
24,1,3.76,2.0,25.56,52.5,0.05,0.0,0.03,0.001,0.0
25,1,3.763,2.0,25.58,53.0,0.05,0.0,0.02,0.002,0.0
26,1,3.766,2.0,25.6,53.5,0.05,-0.01,0.02,0.003,0.0
27,1,3.768,2.0,25.62,54.0,0.05,0.0,0.02,0.002,0.0
28,1,3.77,2.0,25.64,54.5,0.05,-0.01,0.02,0.002,0.0
29,1,3.774,2.0,25.66,55.0,0.05,-0.02,0.02,0.003,0.0
30,1,3.778,2.0,25.69,55.5,0.05,0.0,0.03,0.005,0.0
31,1,3.78,2.0,25.71,56.0,0.05,0.0,0.02,0.006,0.0
32,1,3.782,2.0,25.73,56.5,0.05,-0.01,0.02,0.006,0.0
33,1,3.784,2.0,25.76,57.0,0.05,0.0,0.03,0.005,0.0
34,1,3.788,2.0,25.78,57.5,0.05,-0.01,0.02,0.007,0.0
35,1,3.79,2.0,25.79,58.0,0.05,-0.02,0.01,0.005,0.0
36,1,3.793,2.0,25.82,58.5,0.05,-0.02,0.03,0.006,0.0
37,1,3.794,2.0,25.84,59.0,0.05,-0.02,0.02,0.004,0.0
38,1,3.795,2.0,25.87,59.5,0.05,-0.02,0.03,0.002,0.0
39,1,3.799,2.0,25.89,60.0,0.05,-0.03,0.02,0.005,0.0
40,1,3.802,2.0,25.9,60.5,0.05,-0.04,0.01,0.006,0.0
41,1,3.803,2.0,25.93,61.0,0.05,-0.03,0.03,0.005,0.0
42,1,3.805,2.0,25.96,61.5,0.05,-0.03,0.03,0.006,0.0
43,1,3.808,2.0,25.98,62.0,0.05,-0.02,0.02,0.006,0.0
44,1,3.809,2.0,26.0,62.5,0.05,-0.03,0.02,0.004,0.0
45,1,3.812,2.0,26.03,63.0,0.05,-0.03,0.03,0.003,0.0
46,1,3.815,2.0,26.04,63.5,0.05,-0.03,0.01,0.005,0.0
47,1,3.817,2.0,26.06,64.0,0.05,-0.03,0.02,0.006,0.0
48,1,3.819,2.0,26.08,64.5,0.05,-0.03,0.02,0.006,0.0
49,1,3.82,2.0,26.11,65.0,0.05,-0.03,0.03,0.004,0.0
50,1,3.822,2.0,26.13,65.5,0.05,-0.03,0.02,0.004,0.0
51,1,3.824,2.0,26.15,66.0,0.05,-0.04,0.02,0.004,0.0
52,1,3.825,2.0,26.17,66.5,0.05,-0.04,0.02,0.003,0.0
53,1,3.828,2.0,26.2,67.0,0.05,-0.03,0.03,0.003,0.0
54,1,3.83,2.0,26.22,67.5,0.05,-0.03,0.02,0.002,0.0
55,1,3.834,2.0,26.24,68.0,0.05,-0.03,0.02,0.002,0.0
56,1,3.838,2.0,26.26,68.5,0.05,-0.02,0.02,0.002,0.0
57,1,3.84,2.0,26.28,69.0,0.05,-0.03,0.02,0.001,0.0
58,1,3.843,2.0,26.31,69.5,0.05,-0.02,0.03,0.001,0.0
59,1,3.847,2.0,26.34,70.0,0.05,-0.02,0.03,0.002,0.0
60,1,3.851,2.0,26.37,70.5,0.05,-0.02,0.03,0.002,0.0
61,1,3.852,2.0,26.39,71.0,0.05,-0.01,0.02,0.001,0.0
62,1,3.855,2.0,26.4,71.5,0.05,-0.03,0.01,0.003,0.0
63,1,3.856,2.0,26.43,72.0,0.05,-0.02,0.03,0.001,0.0
64,1,3.859,2.0,26.45,72.5,0.05,-0.02,0.02,0.003,0.0
65,1,3.862,2.0,26.47,73.0,0.05,-0.03,0.02,0.004,0.0
66,1,3.864,2.0,26.49,73.5,0.05,-0.04,0.02,0.002,0.0
67,1,3.868,2.0,26.52,74.0,0.05,-0.03,0.03,0.003,0.0
68,1,3.87,2.0,26.54,74.5,0.05,-0.04,0.02,0.002,0.0
69,1,3.874,2.0,26.56,75.0,0.05,-0.04,0.02,0.003,0.0
70,1,3.875,2.0,26.58,75.5,0.05,-0.05,0.02,0.001,0.0
71,1,3.879,2.0,26.6,76.0,0.05,-0.05,0.02,0.004,0.0
72,1,3.881,2.0,26.63,76.5,0.05,-0.04,0.03,0.004,0.0
73,1,3.884,2.0,26.65,77.0,0.05,-0.05,0.02,0.003,0.0
74,1,3.888,2.0,26.68,77.5,0.05,-0.04,0.03,0.004,0.0
75,1,3.891,2.0,26.7,78.0,0.05,-0.04,0.02,0.004,0.0
76,1,3.892,2.0,26.72,78.5,0.05,-0.04,0.02,0.004,0.0
77,1,3.896,2.0,26.73,79.0,0.05,-0.06,0.01,0.006,0.0
78,1,3.898,2.0,26.76,79.5,0.05,-0.06,0.03,0.006,0.0
79,1,3.9,2.0,26.79,80.0,0.05,-0.05,0.03,0.006,0.0
80,1,3.903,2.0,26.81,80.5,0.05,-0.04,0.02,0.006,0.0
81,1,3.904,2.0,26.83,81.0,0.05,-0.04,0.02,0.003,0.0
82,1,3.906,2.0,26.85,81.5,0.05,-0.04,0.02,0.004,0.0
83,1,3.908,2.0,26.87,82.0,0.05,-0.04,0.02,0.004,0.0
84,1,3.91,2.0,26.89,82.5,0.05,-0.05,0.02,0.003,0.0
85,1,3.913,2.0,26.91,83.0,0.05,-0.06,0.02,0.004,0.0
86,1,3.916,2.0,26.93,83.5,0.05,-0.06,0.02,0.005,0.0
87,1,3.919,2.0,26.96,84.0,0.05,-0.05,0.03,0.006,0.0
88,1,3.921,2.0,26.98,84.5,0.05,-0.05,0.02,0.007,0.0
89,1,3.923,2.0,27.0,85.0,0.05,-0.06,0.02,0.007,0.0
90,1,3.926,2.0,27.03,85.5,0.05,-0.06,0.03,0.009,0.0
91,1,3.928,2.0,27.05,86.0,0.05,-0.07,0.02,0.01,0.0
92,1,3.931,2.0,27.07,86.5,0.05,-0.09,0.02,0.011,0.0
93,1,3.934,2.0,27.09,87.0,0.05,-0.09,0.02,0.011,0.0
94,1,3.937,2.0,27.12,87.5,0.05,-0.09,0.03,0.013,0.0
95,1,3.94,2.0,27.15,88.0,0.05,-0.09,0.03,0.015,0.0
96,1,3.942,2.0,27.17,88.5,0.05,-0.1,0.02,0.013,0.0
97,1,3.944,2.0,27.19,89.0,0.05,-0.1,0.02,0.014,0.0
98,1,3.945,2.0,27.21,89.5,0.05,-0.11,0.02,0.013,0.0
99,1,3.947,2.0,27.24,90.0,0.05,-0.12,0.03,0.012,0.0
100,1,3.949,2.0,27.26,90.5,0.05,-0.12,0.02,0.011,0.0
101,1,3.951,2.0,27.28,91.0,0.05,-0.14,0.02,0.011,0.0
102,1,3.952,2.0,27.3,91.5,0.05,-0.16,0.02,0.009,0.0
103,1,3.955,2.0,27.32,92.0,0.05,-0.17,0.02,0.009,0.0
104,1,3.959,2.0,27.34,92.5,0.05,-0.18,0.02,0.01,0.0
105,1,3.96,2.0,27.37,93.0,0.05,-0.18,0.03,0.008,0.0
106,1,3.963,2.0,27.39,93.5,0.05,-0.2,0.02,0.009,0.0
107,1,3.964,2.0,27.42,94.0,0.05,-0.21,0.03,0.007,0.0
108,1,3.968,2.0,27.45,94.5,0.05,-0.21,0.03,0.009,0.0
109,1,3.969,2.0,27.47,95.0,0.05,-0.23,0.02,0.007,0.0
110,1,3.97,2.0,27.49,95.5,0.05,-0.24,0.02,0.007,0.0
111,1,3.974,2.0,27.52,96.0,0.05,-0.24,0.03,0.01,0.0
112,1,3.975,2.0,27.55,96.5,0.05,-0.24,0.03,0.01,0.0
113,1,3.978,2.0,27.57,97.0,0.05,-0.24,0.02,0.011,0.0
114,1,3.981,2.0,27.6,97.5,0.05,-0.24,0.03,0.013,0.0
115,1,3.984,2.0,27.62,98.0,0.05,-0.24,0.02,0.013,0.0
116,1,3.987,2.0,27.65,98.5,0.05,-0.25,0.03,0.012,0.0
117,1,3.989,2.0,27.68,99.0,0.05,-0.25,0.03,0.011,0.0
118,1,3.991,2.0,27.7,99.5,0.05,-0.27,0.02,0.01,0.0
119,1,3.993,2.0,27.72,100.0,0.05,-0.28,0.02,0.008,0.0
120,1,3.996,2.0,27.75,100.0,0.05,-0.29,0.03,0.01,0.0
121,1,4.0,2.0,27.78,100.0,0.05,-0.3,0.03,0.013,0.0
122,1,4.002,2.0,27.81,100.0,0.05,-0.3,0.03,0.013,0.0
123,1,4.003,2.0,27.83,100.0,0.05,-0.31,0.02,0.012,0.0
124,1,4.005,2.0,27.86,100.0,0.05,-0.31,0.03,0.012,0.0
125,1,4.007,2.0,27.88,100.0,0.05,-0.32,0.02,0.012,0.0
126,1,4.01,2.0,27.91,100.0,0.05,-0.32,0.03,0.012,0.0
127,1,4.011,2.0,27.94,100.0,0.05,-0.33,0.03,0.012,0.0
128,1,4.014,2.0,27.96,100.0,0.05,-0.34,0.02,0.012,0.0
129,1,4.016,2.0,27.99,100.0,0.05,-0.35,0.03,0.011,0.0
130,1,4.019,2.0,28.02,100.0,0.05,-0.34,0.03,0.01,0.0
131,1,4.021,2.0,28.05,100.0,0.05,-0.34,0.03,0.011,0.0
132,1,4.024,2.0,28.08,100.0,0.05,-0.35,0.03,0.013,0.0
133,1,4.025,2.0,28.11,100.0,0.05,-0.35,0.03,0.012,0.0
134,1,4.028,2.0,28.13,100.0,0.05,-0.37,0.02,0.012,0.0
135,1,4.029,2.0,28.16,100.0,0.05,-0.38,0.03,0.011,0.0
136,1,4.032,2.0,28.19,100.0,0.05,-0.37,0.03,0.012,0.0
137,1,4.034,2.0,28.21,100.0,0.05,-0.38,0.02,0.01,0.0
138,1,4.037,2.0,28.24,100.0,0.05,-0.38,0.03,0.01,0.0
139,1,4.039,2.0,28.27,100.0,0.05,-0.38,0.03,0.01,0.0
140,1,4.041,2.0,28.29,100.0,0.05,-0.4,0.02,0.008,0.0
141,1,4.045,2.0,28.33,100.0,0.05,-0.4,0.04,0.011,0.0
142,1,4.047,2.0,28.35,100.0,0.05,-0.41,0.02,0.011,0.0
143,1,4.05,2.0,28.37,100.0,0.05,-0.43,0.02,0.012,0.0
144,1,4.053,2.0,28.4,100.0,0.05,-0.44,0.03,0.011,0.0
145,1,4.055,2.0,28.42,100.0,0.05,-0.45,0.02,0.011,0.0
146,1,4.057,2.0,28.45,100.0,0.05,-0.45,0.03,0.011,0.0
147,1,4.059,2.0,28.48,100.0,0.05,-0.45,0.03,0.012,0.0
148,1,4.061,2.0,28.5,100.0,0.05,-0.46,0.02,0.011,0.0
149,1,4.064,2.0,28.53,100.0,0.05,-0.47,0.03,0.013,0.0
150,1,4.066,2.0,28.56,100.0,0.05,-0.47,0.03,0.013,0.0
151,1,4.068,2.0,28.59,100.0,0.05,-0.48,0.03,0.012,0.0
152,1,4.071,2.0,28.63,100.0,0.05,-0.47,0.04,0.014,0.0
153,1,4.072,2.0,28.65,100.0,0.05,-0.48,0.02,0.012,0.0
154,1,4.075,2.0,28.67,100.0,0.05,-0.5,0.02,0.013,0.0
155,1,4.079,2.0,28.7,100.0,0.05,-0.5,0.03,0.015,0.0
156,1,4.081,2.0,28.73,100.0,0.05,-0.5,0.03,0.015,0.0
157,1,4.085,2.0,28.76,100.0,0.05,-0.5,0.03,0.016,0.0
158,1,4.086,2.0,28.79,100.0,0.05,-0.5,0.03,0.013,0.0
159,1,4.088,2.0,28.81,100.0,0.05,-0.5,0.02,0.012,0.0
160,1,4.09,2.0,28.84,100.0,0.05,-0.5,0.03,0.012,0.0
161,1,4.094,2.0,28.87,100.0,0.05,-0.5,0.03,0.013,0.0
162,1,4.098,2.0,28.9,100.0,0.05,-0.51,0.03,0.013,0.0
163,1,4.099,2.0,28.93,100.0,0.05,-0.52,0.03,0.011,0.0
164,1,4.1,2.0,28.96,100.0,0.05,-0.53,0.03,0.009,0.0
165,1,4.104,2.0,28.99,100.0,0.05,-0.53,0.03,0.011,0.0
166,1,4.107,2.0,29.02,100.0,0.05,-0.53,0.03,0.01,0.0
167,1,4.108,2.0,29.04,100.0,0.05,-0.54,0.02,0.009,0.0
168,1,4.11,2.0,29.08,100.0,0.05,-0.54,0.04,0.008,0.0
169,1,4.113,2.0,29.12,100.0,0.05,-0.54,0.04,0.008,0.0
170,1,4.116,2.0,29.15,100.0,0.05,-0.54,0.03,0.009,0.0
171,1,4.119,2.0,29.18,100.0,0.05,-0.55,0.03,0.01,0.0
172,1,4.123,2.0,29.21,100.0,0.05,-0.56,0.03,0.01,0.0
173,1,4.127,2.0,29.23,100.0,0.05,-0.58,0.02,0.012,0.0
174,1,4.129,2.0,29.26,100.0,0.05,-0.59,0.03,0.011,0.0
175,1,4.131,2.0,29.3,100.0,0.05,-0.57,0.04,0.01,0.0
176,1,4.135,2.0,29.33,100.0,0.05,-0.58,0.03,0.012,0.0
177,1,4.136,2.0,29.36,100.0,0.05,-0.58,0.03,0.009,0.0
178,1,4.14,2.0,29.4,100.0,0.05,-0.57,0.04,0.01,0.0
179,1,4.141,2.0,29.43,100.0,0.05,-0.57,0.03,0.01,0.0
180,1,4.145,2.0,29.46,100.0,0.05,-0.57,0.03,0.012,0.0
181,1,4.147,2.0,29.49,100.0,0.05,-0.58,0.03,0.011,0.0
182,1,4.149,2.0,29.51,100.0,0.05,-0.6,0.02,0.011,0.0
183,1,4.152,2.0,29.54,100.0,0.05,-0.61,0.03,0.011,0.0
184,1,4.153,2.0,29.56,100.0,0.05,-0.62,0.02,0.011,0.0
185,1,4.154,2.0,29.59,100.0,0.05,-0.63,0.03,0.01,0.0
186,1,4.156,2.0,29.62,100.0,0.05,-0.64,0.03,0.01,0.0
187,1,4.16,2.0,29.65,100.0,0.05,-0.66,0.03,0.012,0.0
188,1,4.164,2.0,29.68,100.0,0.05,-0.67,0.03,0.013,0.0
189,1,4.165,2.0,29.7,100.0,0.05,-0.69,0.02,0.01,0.0
190,1,4.169,2.0,29.73,100.0,0.05,-0.7,0.03,0.01,0.0
191,1,4.171,2.0,29.76,100.0,0.05,-0.7,0.03,0.01,0.0
192,1,4.174,2.0,29.8,100.0,0.05,-0.69,0.04,0.01,0.0
193,1,4.176,2.0,29.83,100.0,0.05,-0.7,0.03,0.009,0.0
194,1,4.177,2.0,29.85,100.0,0.05,-0.72,0.02,0.009,0.0
195,1,4.18,2.0,29.89,100.0,0.05,-0.72,0.04,0.011,0.0
196,1,4.183,2.0,29.92,100.0,0.05,-0.72,0.03,0.013,0.0
197,1,4.186,2.0,29.95,100.0,0.05,-0.72,0.03,0.015,0.0
198,1,4.188,2.0,29.98,100.0,0.05,-0.73,0.03,0.013,0.0
199,1,4.191,2.0,30.0,100.0,0.05,-0.75,0.02,0.013,0.0
0,2,3.703,2.0,25.03,40.5,0.05,0.0,0.0,0.0,0.0
1,2,3.705,2.0,25.05,41.0,0.05,0.0,0.02,0.0,0.0
2,2,3.708,2.0,25.07,41.5,0.05,0.0,0.02,0.002,0.0
3,2,3.711,2.0,25.09,42.0,0.05,0.0,0.02,0.001,0.0
4,2,3.713,2.0,25.11,42.5,0.05,-0.01,0.02,0.001,0.0
5,2,3.716,2.0,25.13,43.0,0.05,-0.01,0.02,0.001,0.0
6,2,3.72,2.0,25.15,43.5,0.05,0.0,0.02,0.003,0.0
7,2,3.722,2.0,25.17,44.0,0.05,-0.01,0.02,0.002,0.0
8,2,3.724,2.0,25.19,44.5,0.05,-0.01,0.02,0.002,0.0
9,2,3.727,2.0,25.22,45.0,0.05,0.0,0.03,0.003,0.0
10,2,3.729,2.0,25.24,45.5,0.05,-0.01,0.02,0.002,0.0
11,2,3.732,2.0,25.27,46.0,0.05,0.0,0.03,0.002,0.0
12,2,3.733,2.0,25.29,46.5,0.05,0.0,0.02,0.001,0.0
13,2,3.734,2.0,25.32,47.0,0.05,0.01,0.03,0.0,0.0
14,2,3.736,2.0,25.34,47.5,0.05,0.01,0.02,0.001,0.0
15,2,3.74,2.0,25.36,48.0,0.05,0.0,0.02,0.003,0.0
16,2,3.741,2.0,25.38,48.5,0.05,0.0,0.02,0.0,0.0
17,2,3.745,2.0,25.4,49.0,0.05,0.0,0.02,0.003,0.0
18,2,3.747,2.0,25.42,49.5,0.05,0.0,0.02,0.002,0.0
19,2,3.75,2.0,25.44,50.0,0.05,0.0,0.02,0.002,0.0
20,2,3.754,2.0,25.47,50.5,0.05,0.0,0.03,0.005,0.0
21,2,3.755,2.0,25.49,51.0,0.05,-0.01,0.02,0.002,0.0
22,2,3.758,2.0,25.51,51.5,0.05,-0.01,0.02,0.003,0.0
23,2,3.76,2.0,25.54,52.0,0.05,0.01,0.03,0.003,0.0
24,2,3.763,2.0,25.56,52.5,0.05,0.0,0.02,0.004,0.0
25,2,3.765,2.0,25.58,53.0,0.05,0.0,0.02,0.004,0.0
26,2,3.768,2.0,25.61,53.5,0.05,0.01,0.03,0.005,0.0
27,2,3.769,2.0,25.62,54.0,0.05,0.0,0.01,0.003,0.0
28,2,3.773,2.0,25.64,54.5,0.05,-0.01,0.02,0.005,0.0
29,2,3.774,2.0,25.66,55.0,0.05,-0.02,0.02,0.003,0.0
30,2,3.778,2.0,25.68,55.5,0.05,-0.01,0.02,0.005,0.0
31,2,3.779,2.0,25.71,56.0,0.05,0.0,0.03,0.005,0.0
32,2,3.782,2.0,25.74,56.5,0.05,0.01,0.03,0.006,0.0
33,2,3.784,2.0,25.75,57.0,0.05,-0.01,0.01,0.005,0.0
34,2,3.788,2.0,25.77,57.5,0.05,-0.02,0.02,0.007,0.0
35,2,3.79,2.0,25.79,58.0,0.05,-0.02,0.02,0.005,0.0
36,2,3.792,2.0,25.81,58.5,0.05,-0.03,0.02,0.005,0.0
37,2,3.796,2.0,25.83,59.0,0.05,-0.03,0.02,0.006,0.0
38,2,3.8,2.0,25.86,59.5,0.05,-0.03,0.03,0.007,0.0
39,2,3.803,2.0,25.87,60.0,0.05,-0.05,0.01,0.009,0.0
40,2,3.805,2.0,25.89,60.5,0.05,-0.05,0.02,0.009,0.0
41,2,3.807,2.0,25.91,61.0,0.05,-0.05,0.02,0.009,0.0
42,2,3.809,2.0,25.94,61.5,0.05,-0.05,0.03,0.01,0.0
43,2,3.812,2.0,25.95,62.0,0.05,-0.05,0.01,0.01,0.0
44,2,3.814,2.0,25.98,62.5,0.05,-0.05,0.03,0.009,0.0
45,2,3.817,2.0,26.01,63.0,0.05,-0.05,0.03,0.008,0.0
46,2,3.82,2.0,26.03,63.5,0.05,-0.04,0.02,0.01,0.0
47,2,3.822,2.0,26.06,64.0,0.05,-0.03,0.03,0.011,0.0
48,2,3.823,2.0,26.08,64.5,0.05,-0.03,0.02,0.01,0.0
49,2,3.826,2.0,26.1,65.0,0.05,-0.04,0.02,0.01,0.0
50,2,3.827,2.0,26.13,65.5,0.05,-0.03,0.03,0.009,0.0
51,2,3.831,2.0,26.15,66.0,0.05,-0.04,0.02,0.011,0.0
52,2,3.834,2.0,26.17,66.5,0.05,-0.04,0.02,0.012,0.0
53,2,3.836,2.0,26.2,67.0,0.05,-0.03,0.03,0.011,0.0
54,2,3.838,2.0,26.23,67.5,0.05,-0.02,0.03,0.01,0.0
55,2,3.839,2.0,26.25,68.0,0.05,-0.02,0.02,0.007,0.0
56,2,3.841,2.0,26.28,68.5,0.05,0.0,0.03,0.005,0.0
57,2,3.843,2.0,26.31,69.0,0.05,0.0,0.03,0.004,0.0
58,2,3.847,2.0,26.32,69.5,0.05,-0.01,0.01,0.005,0.0
59,2,3.85,2.0,26.34,70.0,0.05,-0.02,0.02,0.005,0.0
60,2,3.854,2.0,26.36,70.5,0.05,-0.03,0.02,0.005,0.0
61,2,3.856,2.0,26.39,71.0,0.05,-0.01,0.03,0.005,0.0
62,2,3.859,2.0,26.42,71.5,0.05,-0.01,0.03,0.007,0.0
63,2,3.862,2.0,26.43,72.0,0.05,-0.02,0.01,0.007,0.0
64,2,3.864,2.0,26.45,72.5,0.05,-0.02,0.02,0.008,0.0
65,2,3.866,2.0,26.47,73.0,0.05,-0.03,0.02,0.008,0.0
66,2,3.868,2.0,26.49,73.5,0.05,-0.04,0.02,0.006,0.0
67,2,3.872,2.0,26.51,74.0,0.05,-0.04,0.02,0.007,0.0
68,2,3.873,2.0,26.54,74.5,0.05,-0.04,0.03,0.005,0.0
69,2,3.876,2.0,26.56,75.0,0.05,-0.04,0.02,0.005,0.0
70,2,3.879,2.0,26.58,75.5,0.05,-0.05,0.02,0.005,0.0
71,2,3.883,2.0,26.6,76.0,0.05,-0.05,0.02,0.008,0.0
72,2,3.884,2.0,26.61,76.5,0.05,-0.06,0.01,0.007,0.0
73,2,3.887,2.0,26.63,77.0,0.05,-0.07,0.02,0.006,0.0
74,2,3.891,2.0,26.65,77.5,0.05,-0.07,0.02,0.007,0.0
75,2,3.892,2.0,26.68,78.0,0.05,-0.06,0.03,0.005,0.0
76,2,3.896,2.0,26.71,78.5,0.05,-0.05,0.03,0.008,0.0
77,2,3.898,2.0,26.73,79.0,0.05,-0.06,0.02,0.008,0.0
78,2,3.9,2.0,26.75,79.5,0.05,-0.07,0.02,0.008,0.0
79,2,3.903,2.0,26.78,80.0,0.05,-0.06,0.03,0.009,0.0
80,2,3.906,2.0,26.8,80.5,0.05,-0.05,0.02,0.009,0.0
81,2,3.907,2.0,26.82,81.0,0.05,-0.05,0.02,0.006,0.0
82,2,3.91,2.0,26.85,81.5,0.05,-0.04,0.03,0.008,0.0
83,2,3.912,2.0,26.88,82.0,0.05,-0.03,0.03,0.008,0.0
84,2,3.916,2.0,26.9,82.5,0.05,-0.04,0.02,0.009,0.0
85,2,3.917,2.0,26.92,83.0,0.05,-0.05,0.02,0.008,0.0
86,2,3.92,2.0,26.94,83.5,0.05,-0.05,0.02,0.009,0.0
87,2,3.921,2.0,26.98,84.0,0.05,-0.03,0.04,0.008,0.0
88,2,3.923,2.0,27.01,84.5,0.05,-0.02,0.03,0.009,0.0
89,2,3.924,2.0,27.03,85.0,0.05,-0.03,0.02,0.008,0.0
90,2,3.928,2.0,27.06,85.5,0.05,-0.03,0.03,0.011,0.0
91,2,3.93,2.0,27.09,86.0,0.05,-0.03,0.03,0.012,0.0
92,2,3.933,2.0,27.11,86.5,0.05,-0.05,0.02,0.013,0.0
93,2,3.937,2.0,27.14,87.0,0.05,-0.04,0.03,0.014,0.0
94,2,3.939,2.0,27.17,87.5,0.05,-0.04,0.03,0.015,0.0
95,2,3.941,2.0,27.2,88.0,0.05,-0.04,0.03,0.016,0.0
96,2,3.945,2.0,27.23,88.5,0.05,-0.04,0.03,0.016,0.0
97,2,3.947,2.0,27.26,89.0,0.05,-0.03,0.03,0.017,0.0
98,2,3.951,2.0,27.3,89.5,0.05,-0.02,0.04,0.019,0.0
99,2,3.954,2.0,27.32,90.0,0.05,-0.04,0.02,0.019,0.0
100,2,3.956,2.0,27.36,90.5,0.05,-0.02,0.04,0.018,0.0
101,2,3.959,2.0,27.39,91.0,0.05,-0.03,0.03,0.019,0.0
102,2,3.961,2.0,27.42,91.5,0.05,-0.04,0.03,0.018,0.0
103,2,3.963,2.0,27.45,92.0,0.05,-0.04,0.03,0.017,0.0
104,2,3.967,2.0,27.47,92.5,0.05,-0.05,0.02,0.018,0.0
105,2,3.969,2.0,27.5,93.0,0.05,-0.05,0.03,0.017,0.0
106,2,3.971,2.0,27.52,93.5,0.05,-0.07,0.02,0.017,0.0
107,2,3.974,2.0,27.55,94.0,0.05,-0.08,0.03,0.017,0.0
108,2,3.976,2.0,27.59,94.5,0.05,-0.07,0.04,0.017,0.0
109,2,3.979,2.0,27.62,95.0,0.05,-0.08,0.03,0.017,0.0
110,2,3.982,2.0,27.66,95.5,0.05,-0.07,0.04,0.019,0.0
111,2,3.986,2.0,27.68,96.0,0.05,-0.08,0.02,0.022,0.0
112,2,3.989,2.0,27.71,96.5,0.05,-0.08,0.03,0.024,0.0
113,2,3.99,2.0,27.74,97.0,0.05,-0.07,0.03,0.023,0.0
114,2,3.992,2.0,27.77,97.5,0.05,-0.07,0.03,0.024,0.0
115,2,3.993,2.0,27.8,98.0,0.05,-0.06,0.03,0.022,0.0
116,2,3.996,2.0,27.82,98.5,0.05,-0.08,0.02,0.021,0.0
117,2,3.998,2.0,27.86,99.0,0.05,-0.07,0.04,0.02,0.0
118,2,4.0,2.0,27.89,99.5,0.05,-0.08,0.03,0.019,0.0
119,2,4.002,2.0,27.92,100.0,0.05,-0.08,0.03,0.017,0.0
120,2,4.005,2.0,27.95,100.0,0.05,-0.09,0.03,0.019,0.0
121,2,4.007,2.0,27.98,100.0,0.05,-0.1,0.03,0.02,0.0
122,2,4.01,2.0,28.01,100.0,0.05,-0.1,0.03,0.021,0.0
123,2,4.011,2.0,28.05,100.0,0.05,-0.09,0.04,0.02,0.0
124,2,4.014,2.0,28.07,100.0,0.05,-0.1,0.02,0.021,0.0
125,2,4.015,2.0,28.1,100.0,0.05,-0.1,0.03,0.02,0.0
126,2,4.018,2.0,28.13,100.0,0.05,-0.1,0.03,0.02,0.0
127,2,4.02,2.0,28.15,100.0,0.05,-0.12,0.02,0.021,0.0
128,2,4.022,2.0,28.18,100.0,0.05,-0.12,0.03,0.02,0.0
129,2,4.024,2.0,28.2,100.0,0.05,-0.14,0.02,0.019,0.0
130,2,4.028,2.0,28.23,100.0,0.05,-0.13,0.03,0.019,0.0
131,2,4.03,2.0,28.26,100.0,0.05,-0.13,0.03,0.02,0.0
132,2,4.032,2.0,28.3,100.0,0.05,-0.13,0.04,0.021,0.0
133,2,4.033,2.0,28.32,100.0,0.05,-0.14,0.02,0.02,0.0
134,2,4.037,2.0,28.35,100.0,0.05,-0.15,0.03,0.021,0.0
135,2,4.038,2.0,28.38,100.0,0.05,-0.16,0.03,0.02,0.0
136,2,4.04,2.0,28.41,100.0,0.05,-0.15,0.03,0.02,0.0
137,2,4.042,2.0,28.44,100.0,0.05,-0.15,0.03,0.018,0.0
138,2,4.043,2.0,28.47,100.0,0.05,-0.15,0.03,0.016,0.0
139,2,4.045,2.0,28.51,100.0,0.05,-0.14,0.04,0.016,0.0
140,2,4.046,2.0,28.54,100.0,0.05,-0.15,0.03,0.013,0.0
141,2,4.049,2.0,28.58,100.0,0.05,-0.15,0.04,0.015,0.0
142,2,4.052,2.0,28.6,100.0,0.05,-0.16,0.02,0.016,0.0
143,2,4.053,2.0,28.64,100.0,0.05,-0.16,0.04,0.015,0.0
144,2,4.055,2.0,28.67,100.0,0.05,-0.17,0.03,0.013,0.0
145,2,4.056,2.0,28.7,100.0,0.05,-0.17,0.03,0.012,0.0
146,2,4.06,2.0,28.72,100.0,0.05,-0.18,0.02,0.014,0.0
147,2,4.063,2.0,28.76,100.0,0.05,-0.17,0.04,0.016,0.0
148,2,4.066,2.0,28.8,100.0,0.05,-0.16,0.04,0.016,0.0
149,2,4.068,2.0,28.83,100.0,0.05,-0.17,0.03,0.017,0.0
150,2,4.07,2.0,28.85,100.0,0.05,-0.18,0.02,0.017,0.0
151,2,4.073,2.0,28.89,100.0,0.05,-0.18,0.04,0.017,0.0
152,2,4.077,2.0,28.92,100.0,0.05,-0.18,0.03,0.02,0.0
153,2,4.08,2.0,28.95,100.0,0.05,-0.18,0.03,0.02,0.0
154,2,4.083,2.0,28.97,100.0,0.05,-0.2,0.02,0.021,0.0
155,2,4.085,2.0,29.01,100.0,0.05,-0.19,0.04,0.021,0.0
156,2,4.088,2.0,29.04,100.0,0.05,-0.19,0.03,0.022,0.0
157,2,4.092,2.0,29.07,100.0,0.05,-0.19,0.03,0.023,0.0
158,2,4.094,2.0,29.11,100.0,0.05,-0.18,0.04,0.021,0.0
159,2,4.095,2.0,29.14,100.0,0.05,-0.17,0.03,0.019,0.0
160,2,4.096,2.0,29.17,100.0,0.05,-0.17,0.03,0.018,0.0
161,2,4.099,2.0,29.2,100.0,0.05,-0.17,0.03,0.018,0.0
162,2,4.101,2.0,29.23,100.0,0.05,-0.18,0.03,0.016,0.0
163,2,4.103,2.0,29.26,100.0,0.05,-0.19,0.03,0.015,0.0
164,2,4.104,2.0,29.3,100.0,0.05,-0.19,0.04,0.013,0.0
165,2,4.108,2.0,29.33,100.0,0.05,-0.19,0.03,0.015,0.0
166,2,4.111,2.0,29.36,100.0,0.05,-0.19,0.03,0.014,0.0
167,2,4.112,2.0,29.39,100.0,0.05,-0.19,0.03,0.013,0.0
168,2,4.116,2.0,29.42,100.0,0.05,-0.2,0.03,0.014,0.0
169,2,4.118,2.0,29.45,100.0,0.05,-0.21,0.03,0.013,0.0
170,2,4.121,2.0,29.48,100.0,0.05,-0.21,0.03,0.014,0.0
171,2,4.123,2.0,29.52,100.0,0.05,-0.21,0.04,0.014,0.0
172,2,4.126,2.0,29.55,100.0,0.05,-0.22,0.03,0.013,0.0
173,2,4.128,2.0,29.59,100.0,0.05,-0.22,0.04,0.013,0.0
174,2,4.131,2.0,29.63,100.0,0.05,-0.22,0.04,0.013,0.0
175,2,4.134,2.0,29.66,100.0,0.05,-0.21,0.03,0.013,0.0
176,2,4.135,2.0,29.69,100.0,0.05,-0.22,0.03,0.012,0.0
177,2,4.137,2.0,29.72,100.0,0.05,-0.22,0.03,0.01,0.0
178,2,4.138,2.0,29.76,100.0,0.05,-0.21,0.04,0.008,0.0
179,2,4.142,2.0,29.78,100.0,0.05,-0.22,0.02,0.011,0.0
180,2,4.145,2.0,29.81,100.0,0.05,-0.22,0.03,0.012,0.0
181,2,4.147,2.0,29.84,100.0,0.05,-0.23,0.03,0.011,0.0
182,2,4.151,2.0,29.87,100.0,0.05,-0.24,0.03,0.013,0.0
183,2,4.154,2.0,29.9,100.0,0.05,-0.25,0.03,0.013,0.0
184,2,4.157,2.0,29.93,100.0,0.05,-0.25,0.03,0.015,0.0
185,2,4.158,2.0,29.97,100.0,0.05,-0.25,0.04,0.014,0.0
186,2,4.161,2.0,30.0,100.0,0.05,-0.26,0.03,0.015,0.0
187,2,4.163,2.0,30.03,100.0,0.05,-0.28,0.03,0.015,0.0
188,2,4.166,2.0,30.07,100.0,0.05,-0.28,0.04,0.015,0.0
189,2,4.168,2.0,30.11,100.0,0.05,-0.28,0.04,0.013,0.0
190,2,4.172,2.0,30.14,100.0,0.05,-0.29,0.03,0.013,0.0
191,2,4.174,2.0,30.18,100.0,0.05,-0.28,0.04,0.013,0.0
192,2,4.177,2.0,30.21,100.0,0.05,-0.28,0.03,0.013,0.0
193,2,4.179,2.0,30.24,100.0,0.05,-0.29,0.03,0.012,0.0
194,2,4.182,2.0,30.27,100.0,0.05,-0.3,0.03,0.014,0.0
195,2,4.183,2.0,30.31,100.0,0.05,-0.3,0.04,0.014,0.0
196,2,4.186,2.0,30.35,100.0,0.05,-0.29,0.04,0.016,0.0
197,2,4.189,2.0,30.38,100.0,0.05,-0.29,0.03,0.018,0.0
198,2,4.191,2.0,30.41,100.0,0.05,-0.3,0.03,0.016,0.0
199,2,4.194,2.0,30.44,100.0,0.05,-0.31,0.03,0.016,0.0
0,3,3.703,2.0,25.03,40.5,0.05,0.0,0.0,0.0,0.0
1,3,3.705,2.0,25.04,41.0,0.05,-0.01,0.01,0.0,0.0
2,3,3.706,2.0,25.06,41.5,0.05,-0.01,0.02,-0.001,0.0
3,3,3.71,2.0,25.09,42.0,0.05,0.0,0.03,0.0,0.0
4,3,3.713,2.0,25.1,42.5,0.05,-0.02,0.01,0.001,0.0
5,3,3.715,2.0,25.12,43.0,0.05,-0.02,0.02,0.0,0.0
6,3,3.717,2.0,25.15,43.5,0.05,0.0,0.03,-0.001,0.0
7,3,3.72,2.0,25.18,44.0,0.05,0.01,0.03,-0.002,0.0
8,3,3.722,2.0,25.19,44.5,0.05,-0.01,0.01,-0.001,0.0
9,3,3.724,2.0,25.22,45.0,0.05,0.0,0.03,-0.003,0.0
10,3,3.727,2.0,25.24,45.5,0.05,-0.01,0.02,-0.002,0.0
11,3,3.729,2.0,25.27,46.0,0.05,0.0,0.03,-0.003,0.0
12,3,3.73,2.0,25.29,46.5,0.05,0.0,0.02,-0.003,0.0
13,3,3.731,2.0,25.3,47.0,0.05,-0.02,0.01,-0.003,0.0
14,3,3.733,2.0,25.33,47.5,0.05,-0.01,0.03,-0.003,0.0
15,3,3.736,2.0,25.35,48.0,0.05,-0.01,0.02,-0.004,0.0
16,3,3.739,2.0,25.37,48.5,0.05,-0.01,0.02,-0.002,0.0
17,3,3.742,2.0,25.39,49.0,0.05,-0.01,0.02,-0.001,0.0
18,3,3.744,2.0,25.41,49.5,0.05,-0.01,0.02,-0.003,0.0
19,3,3.745,2.0,25.43,50.0,0.05,-0.01,0.02,-0.004,0.0
20,3,3.749,2.0,25.45,50.5,0.05,-0.02,0.02,-0.002,0.0
21,3,3.752,2.0,25.47,51.0,0.05,-0.03,0.02,-0.003,0.0
22,3,3.755,2.0,25.5,51.5,0.05,-0.02,0.03,-0.001,0.0
23,3,3.758,2.0,25.52,52.0,0.05,-0.02,0.02,0.001,0.0
24,3,3.759,2.0,25.55,52.5,0.05,-0.01,0.03,-0.001,0.0
25,3,3.761,2.0,25.57,53.0,0.05,-0.01,0.02,-0.002,0.0
26,3,3.763,2.0,25.6,53.5,0.05,-0.01,0.03,-0.003,0.0
27,3,3.766,2.0,25.62,54.0,0.05,0.0,0.02,-0.002,0.0
28,3,3.768,2.0,25.65,54.5,0.05,0.01,0.03,-0.002,0.0
29,3,3.771,2.0,25.68,55.0,0.05,0.02,0.03,-0.003,0.0
30,3,3.773,2.0,25.69,55.5,0.05,0.0,0.01,-0.005,0.0
31,3,3.774,2.0,25.71,56.0,0.05,0.0,0.02,-0.005,0.0
32,3,3.775,2.0,25.73,56.5,0.05,-0.01,0.02,-0.007,0.0
33,3,3.778,2.0,25.76,57.0,0.05,0.0,0.03,-0.006,0.0
34,3,3.781,2.0,25.79,57.5,0.05,0.01,0.03,-0.007,0.0
35,3,3.785,2.0,25.81,58.0,0.05,0.02,0.02,-0.005,0.0
36,3,3.787,2.0,25.84,58.5,0.05,0.02,0.03,-0.005,0.0
37,3,3.79,2.0,25.86,59.0,0.05,0.02,0.02,-0.004,0.0
38,3,3.793,2.0,25.89,59.5,0.05,0.02,0.03,-0.002,0.0
39,3,3.794,2.0,25.92,60.0,0.05,0.03,0.03,-0.005,0.0
40,3,3.796,2.0,25.94,60.5,0.05,0.04,0.02,-0.006,0.0
41,3,3.798,2.0,25.97,61.0,0.05,0.04,0.03,-0.005,0.0
42,3,3.799,2.0,25.99,61.5,0.05,0.03,0.02,-0.006,0.0
43,3,3.802,2.0,26.0,62.0,0.05,0.02,0.01,-0.006,0.0
44,3,3.805,2.0,26.03,62.5,0.05,0.03,0.03,-0.004,0.0
45,3,3.809,2.0,26.06,63.0,0.05,0.03,0.03,-0.003,0.0
46,3,3.81,2.0,26.07,63.5,0.05,0.03,0.01,-0.005,0.0
47,3,3.811,2.0,26.1,64.0,0.05,0.04,0.03,-0.006,0.0
48,3,3.813,2.0,26.13,64.5,0.05,0.05,0.03,-0.006,0.0
49,3,3.816,2.0,26.15,65.0,0.05,0.04,0.02,-0.004,0.0
50,3,3.818,2.0,26.17,65.5,0.05,0.04,0.02,-0.004,0.0
51,3,3.82,2.0,26.19,66.0,0.05,0.04,0.02,-0.004,0.0
52,3,3.822,2.0,26.21,66.5,0.05,0.04,0.02,-0.003,0.0
53,3,3.825,2.0,26.23,67.0,0.05,0.03,0.02,-0.003,0.0
54,3,3.828,2.0,26.25,67.5,0.05,0.02,0.02,-0.002,0.0
55,3,3.832,2.0,26.27,68.0,0.05,0.02,0.02,-0.002,0.0
56,3,3.836,2.0,26.28,68.5,0.05,0.0,0.01,-0.002,0.0
57,3,3.839,2.0,26.31,69.0,0.05,0.0,0.03,-0.001,0.0
58,3,3.842,2.0,26.33,69.5,0.05,0.01,0.02,-0.001,0.0
59,3,3.845,2.0,26.36,70.0,0.05,0.02,0.03,-0.002,0.0
60,3,3.849,2.0,26.39,70.5,0.05,0.02,0.03,-0.002,0.0
61,3,3.851,2.0,26.4,71.0,0.05,0.01,0.01,-0.001,0.0
62,3,3.852,2.0,26.43,71.5,0.05,0.01,0.03,-0.003,0.0
63,3,3.855,2.0,26.45,72.0,0.05,0.02,0.02,-0.001,0.0
64,3,3.856,2.0,26.47,72.5,0.05,0.02,0.02,-0.003,0.0
65,3,3.858,2.0,26.5,73.0,0.05,0.03,0.03,-0.004,0.0
66,3,3.862,2.0,26.53,73.5,0.05,0.04,0.03,-0.002,0.0
67,3,3.865,2.0,26.55,74.0,0.05,0.03,0.02,-0.003,0.0
68,3,3.868,2.0,26.58,74.5,0.05,0.04,0.03,-0.002,0.0
69,3,3.871,2.0,26.61,75.0,0.05,0.05,0.03,-0.003,0.0
70,3,3.874,2.0,26.64,75.5,0.05,0.06,0.03,-0.001,0.0
71,3,3.875,2.0,26.66,76.0,0.05,0.06,0.02,-0.004,0.0
72,3,3.877,2.0,26.68,76.5,0.05,0.05,0.02,-0.004,0.0
73,3,3.881,2.0,26.7,77.0,0.05,0.05,0.02,-0.003,0.0
74,3,3.884,2.0,26.73,77.5,0.05,0.05,0.03,-0.004,0.0
75,3,3.887,2.0,26.74,78.0,0.05,0.04,0.01,-0.004,0.0
76,3,3.888,2.0,26.77,78.5,0.05,0.05,0.03,-0.004,0.0
77,3,3.89,2.0,26.79,79.0,0.05,0.06,0.02,-0.006,0.0
78,3,3.892,2.0,26.82,79.5,0.05,0.06,0.03,-0.006,0.0
79,3,3.894,2.0,26.84,80.0,0.05,0.05,0.02,-0.006,0.0
80,3,3.897,2.0,26.88,80.5,0.0506,0.07,0.04,-0.006,0.0006
81,3,3.901,2.0,26.94,81.0,0.0512,0.11,0.06,-0.003,0.0012
82,3,3.902,2.0,26.99,81.5,0.0518,0.14,0.05,-0.004,0.0018
83,3,3.904,2.0,27.04,82.0,0.0524,0.16,0.05,-0.004,0.0024
84,3,3.907,2.0,27.08,82.5,0.053,0.18,0.04,-0.003,0.003
85,3,3.909,2.0,27.13,83.0,0.0536,0.21,0.05,-0.004,0.0036
86,3,3.911,2.0,27.17,83.5,0.0542,0.23,0.04,-0.005,0.0042
87,3,3.913,2.0,27.22,84.0,0.0548,0.24,0.05,-0.006,0.0048
88,3,3.914,2.0,27.26,84.5,0.0554,0.25,0.04,-0.007,0.0054
89,3,3.916,2.0,27.31,85.0,0.056,0.28,0.05,-0.007,0.006
90,3,3.917,2.0,27.35,85.5,0.0566,0.29,0.04,-0.009,0.0066
91,3,3.918,2.0,27.39,86.0,0.0572,0.3,0.04,-0.01,0.0072
92,3,3.92,2.0,27.43,86.5,0.0578,0.32,0.04,-0.011,0.0078
93,3,3.923,2.0,27.48,87.0,0.0584,0.34,0.05,-0.011,0.0084
94,3,3.924,2.0,27.51,87.5,0.059,0.34,0.03,-0.013,0.009
95,3,3.925,2.0,27.56,88.0,0.0596,0.36,0.05,-0.015,0.0096
96,3,3.929,2.0,27.6,88.5,0.0602,0.37,0.04,-0.013,0.0102
97,3,3.93,2.0,27.64,89.0,0.0608,0.38,0.04,-0.014,0.0108
98,3,3.932,2.0,27.69,89.5,0.0614,0.39,0.05,-0.013,0.0114
99,3,3.935,2.0,27.73,90.0,0.062,0.41,0.04,-0.012,0.012
100,3,3.938,2.0,27.78,90.5,0.0626,0.42,0.05,-0.011,0.0126
101,3,3.94,2.0,27.81,91.0,0.0632,0.42,0.03,-0.011,0.0132
102,3,3.943,2.0,27.85,91.5,0.0638,0.43,0.04,-0.009,0.0138
103,3,3.946,2.0,27.89,92.0,0.0644,0.44,0.04,-0.009,0.0144
104,3,3.949,2.0,27.93,92.5,0.065,0.46,0.04,-0.01,0.015
105,3,3.952,2.0,27.97,93.0,0.0656,0.47,0.04,-0.008,0.0156
106,3,3.954,2.0,28.01,93.5,0.0662,0.49,0.04,-0.009,0.0162
107,3,3.957,2.0,28.05,94.0,0.0668,0.5,0.04,-0.007,0.0168
108,3,3.959,2.0,28.09,94.5,0.0674,0.5,0.04,-0.009,0.0174
109,3,3.962,2.0,28.12,95.0,0.068,0.5,0.03,-0.007,0.018
110,3,3.963,2.0,28.16,95.5,0.0686,0.5,0.04,-0.007,0.0186
111,3,3.964,2.0,28.2,96.0,0.0692,0.52,0.04,-0.01,0.0192
112,3,3.965,2.0,28.24,96.5,0.0698,0.53,0.04,-0.01,0.0198
113,3,3.967,2.0,28.27,97.0,0.0704,0.53,0.03,-0.011,0.0204
114,3,3.968,2.0,28.31,97.5,0.071,0.54,0.04,-0.013,0.021
115,3,3.97,2.0,28.34,98.0,0.0716,0.54,0.03,-0.014,0.0216
116,3,3.973,2.0,28.37,98.5,0.0722,0.55,0.03,-0.014,0.0222
117,3,3.974,2.0,28.4,99.0,0.0728,0.54,0.03,-0.015,0.0228
118,3,3.977,2.0,28.44,99.5,0.0734,0.55,0.04,-0.014,0.0234
119,3,3.979,2.0,28.49,100.0,0.074,0.57,0.05,-0.014,0.024
120,3,3.98,2.0,28.53,100.0,0.0746,0.58,0.04,-0.016,0.0246
121,3,3.983,2.0,28.56,100.0,0.0752,0.58,0.03,-0.017,0.0252
122,3,3.984,2.0,28.59,100.0,0.0758,0.58,0.03,-0.018,0.0258
123,3,3.988,2.0,28.64,100.0,0.0764,0.59,0.05,-0.015,0.0264
124,3,3.99,2.0,28.67,100.0,0.077,0.6,0.03,-0.015,0.027
125,3,3.992,2.0,28.7,100.0,0.0776,0.6,0.03,-0.015,0.0276
126,3,3.993,2.0,28.74,100.0,0.0782,0.61,0.04,-0.017,0.0282
127,3,3.995,2.0,28.77,100.0,0.0788,0.62,0.03,-0.016,0.0288
128,3,3.996,2.0,28.8,100.0,0.0794,0.62,0.03,-0.018,0.0294
129,3,3.999,2.0,28.83,100.0,0.08,0.63,0.03,-0.017,0.03
130,3,4.001,2.0,28.86,100.0,0.0806,0.63,0.03,-0.018,0.0306
131,3,4.002,2.0,28.9,100.0,0.0812,0.64,0.04,-0.019,0.0312
132,3,4.005,2.0,28.94,100.0,0.0818,0.64,0.04,-0.019,0.0318
133,3,4.009,2.0,28.96,100.0,0.0824,0.64,0.02,-0.016,0.0324
134,3,4.01,2.0,29.01,100.0,0.083,0.66,0.05,-0.018,0.033
135,3,4.012,2.0,29.04,100.0,0.0836,0.66,0.03,-0.017,0.0336
136,3,4.015,2.0,29.08,100.0,0.0842,0.67,0.04,-0.017,0.0342
137,3,4.018,2.0,29.11,100.0,0.0848,0.67,0.03,-0.016,0.0348
138,3,4.019,2.0,29.14,100.0,0.0854,0.67,0.03,-0.018,0.0354
139,3,4.022,2.0,29.17,100.0,0.086,0.66,0.03,-0.017,0.036
140,3,4.025,2.0,29.21,100.0,0.0866,0.67,0.04,-0.016,0.0366
141,3,4.026,2.0,29.24,100.0,0.0872,0.66,0.03,-0.019,0.0372
142,3,4.029,2.0,29.29,100.0,0.0878,0.69,0.05,-0.018,0.0378
143,3,4.033,2.0,29.33,100.0,0.0884,0.69,0.04,-0.017,0.0384
144,3,4.034,2.0,29.36,100.0,0.089,0.69,0.03,-0.019,0.039
145,3,4.036,2.0,29.4,100.0,0.0896,0.7,0.04,-0.019,0.0396
146,3,4.038,2.0,29.44,100.0,0.0902,0.72,0.04,-0.019,0.0402
147,3,4.04,2.0,29.48,100.0,0.0908,0.72,0.04,-0.019,0.0408
148,3,4.041,2.0,29.51,100.0,0.0914,0.71,0.03,-0.02,0.0414
149,3,4.043,2.0,29.55,100.0,0.092,0.72,0.04,-0.021,0.042
150,3,4.044,2.0,29.58,100.0,0.0926,0.73,0.03,-0.022,0.0426
151,3,4.047,2.0,29.6,100.0,0.0932,0.71,0.02,-0.021,0.0432
152,3,4.05,2.0,29.64,100.0,0.0938,0.72,0.04,-0.021,0.0438
153,3,4.051,2.0,29.67,100.0,0.0944,0.72,0.03,-0.021,0.0444
154,3,4.052,2.0,29.7,100.0,0.095,0.73,0.03,-0.023,0.045
155,3,4.055,2.0,29.74,100.0,0.0956,0.73,0.04,-0.024,0.0456
156,3,4.058,2.0,29.77,100.0,0.0962,0.73,0.03,-0.023,0.0462
157,3,4.06,2.0,29.8,100.0,0.0968,0.73,0.03,-0.025,0.0468
158,3,4.061,2.0,29.84,100.0,0.0974,0.73,0.04,-0.025,0.0474
159,3,4.062,2.0,29.88,100.0,0.098,0.74,0.04,-0.026,0.048
160,3,4.063,2.0,29.92,100.0,0.0986,0.75,0.04,-0.027,0.0486
161,3,4.063,2.0,29.96,100.0,0.0992,0.76,0.04,-0.031,0.0492
162,3,4.064,2.0,30.0,100.0,0.0998,0.77,0.04,-0.034,0.0498
163,3,4.066,2.0,30.05,100.0,0.1004,0.79,0.05,-0.033,0.0504
164,3,4.068,2.0,30.08,100.0,0.101,0.78,0.03,-0.032,0.051
165,3,4.069,2.0,30.11,100.0,0.1016,0.78,0.03,-0.035,0.0516
166,3,4.072,2.0,30.15,100.0,0.1022,0.79,0.04,-0.035,0.0522
167,3,4.073,2.0,30.19,100.0,0.1028,0.8,0.04,-0.035,0.0528
168,3,4.076,2.0,30.22,100.0,0.1034,0.8,0.03,-0.034,0.0534
169,3,4.078,2.0,30.25,100.0,0.104,0.8,0.03,-0.035,0.054
170,3,4.08,2.0,30.29,100.0,0.1046,0.81,0.04,-0.036,0.0546
171,3,4.082,2.0,30.33,100.0,0.1052,0.81,0.04,-0.037,0.0552
172,3,4.085,2.0,30.37,100.0,0.1058,0.82,0.04,-0.038,0.0558
173,3,4.086,2.0,30.41,100.0,0.1064,0.82,0.04,-0.041,0.0564
174,3,4.089,2.0,30.45,100.0,0.107,0.82,0.04,-0.04,0.057
175,3,4.092,2.0,30.49,100.0,0.1076,0.83,0.04,-0.039,0.0576
176,3,4.093,2.0,30.53,100.0,0.1082,0.84,0.04,-0.042,0.0582
177,3,4.094,2.0,30.57,100.0,0.1088,0.85,0.04,-0.042,0.0588
178,3,4.097,2.0,30.6,100.0,0.1094,0.84,0.03,-0.041,0.0594
179,3,4.1,2.0,30.64,100.0,0.11,0.86,0.04,-0.041,0.06
180,3,4.103,2.0,30.68,100.0,0.1106,0.87,0.04,-0.042,0.0606
181,3,4.106,2.0,30.72,100.0,0.1112,0.88,0.04,-0.041,0.0612
182,3,4.109,2.0,30.75,100.0,0.1118,0.88,0.03,-0.04,0.0618
183,3,4.112,2.0,30.78,100.0,0.1124,0.88,0.03,-0.04,0.0624
184,3,4.114,2.0,30.81,100.0,0.113,0.88,0.03,-0.039,0.063
185,3,4.117,2.0,30.85,100.0,0.1136,0.88,0.04,-0.037,0.0636
186,3,4.119,2.0,30.89,100.0,0.1142,0.89,0.04,-0.037,0.0642
187,3,4.12,2.0,30.93,100.0,0.1148,0.9,0.04,-0.04,0.0648
188,3,4.123,2.0,30.96,100.0,0.1154,0.89,0.03,-0.041,0.0654
189,3,4.126,2.0,31.0,100.0,0.116,0.89,0.04,-0.039,0.066
190,3,4.129,2.0,31.04,100.0,0.1166,0.9,0.04,-0.04,0.0666
191,3,4.131,2.0,31.08,100.0,0.1172,0.9,0.04,-0.04,0.0672
192,3,4.133,2.0,31.12,100.0,0.1178,0.91,0.04,-0.041,0.0678
193,3,4.135,2.0,31.15,100.0,0.1184,0.91,0.03,-0.041,0.0684
194,3,4.138,2.0,31.18,100.0,0.119,0.91,0.03,-0.039,0.069
195,3,4.14,2.0,31.22,100.0,0.1196,0.91,0.04,-0.04,0.0696
196,3,4.141,2.0,31.25,100.0,0.1202,0.9,0.03,-0.042,0.0702
197,3,4.142,2.0,31.29,100.0,0.1208,0.91,0.04,-0.044,0.0708
198,3,4.145,2.0,31.34,100.0,0.1214,0.93,0.05,-0.043,0.0714
199,3,4.147,2.0,31.38,100.0,0.122,0.94,0.04,-0.044,0.072
0,4,3.702,2.0,25.03,40.5,0.05,0.0,0.0,-0.001,0.0
1,4,3.705,2.0,25.05,41.0,0.05,0.0,0.02,0.0,0.0
2,4,3.707,2.0,25.07,41.5,0.05,0.0,0.02,0.001,0.0
3,4,3.71,2.0,25.09,42.0,0.05,0.0,0.02,0.0,0.0
4,4,3.711,2.0,25.12,42.5,0.05,0.01,0.03,-0.002,0.0
5,4,3.715,2.0,25.14,43.0,0.05,0.01,0.02,0.0,0.0
6,4,3.718,2.0,25.16,43.5,0.05,0.01,0.02,0.001,0.0
7,4,3.722,2.0,25.19,44.0,0.05,0.02,0.03,0.002,0.0
8,4,3.723,2.0,25.22,44.5,0.05,0.03,0.03,0.001,0.0
9,4,3.727,2.0,25.24,45.0,0.05,0.02,0.02,0.003,0.0
10,4,3.73,2.0,25.26,45.5,0.05,0.02,0.02,0.003,0.0
11,4,3.732,2.0,25.29,46.0,0.05,0.02,0.03,0.002,0.0
12,4,3.733,2.0,25.31,46.5,0.05,0.02,0.02,0.001,0.0
13,4,3.736,2.0,25.33,47.0,0.05,0.02,0.02,0.002,0.0
14,4,3.737,2.0,25.35,47.5,0.05,0.02,0.02,0.002,0.0
15,4,3.74,2.0,25.37,48.0,0.05,0.01,0.02,0.003,0.0
16,4,3.741,2.0,25.4,48.5,0.05,0.02,0.03,0.0,0.0
17,4,3.743,2.0,25.42,49.0,0.05,0.02,0.02,0.001,0.0
18,4,3.747,2.0,25.44,49.5,0.05,0.02,0.02,0.002,0.0
19,4,3.749,2.0,25.46,50.0,0.05,0.02,0.02,0.001,0.0
20,4,3.751,2.0,25.49,50.5,0.05,0.02,0.03,0.002,0.0
21,4,3.755,2.0,25.52,51.0,0.05,0.03,0.03,0.002,0.0
22,4,3.756,2.0,25.54,51.5,0.05,0.03,0.02,0.001,0.0
23,4,3.757,2.0,25.56,52.0,0.05,0.03,0.02,-0.001,0.0
24,4,3.759,2.0,25.59,52.5,0.05,0.03,0.03,-0.001,0.0
25,4,3.76,2.0,25.62,53.0,0.05,0.04,0.03,-0.003,0.0
26,4,3.761,2.0,25.63,53.5,0.05,0.03,0.01,-0.005,0.0
27,4,3.765,2.0,25.66,54.0,0.05,0.04,0.03,-0.003,0.0
28,4,3.768,2.0,25.68,54.5,0.05,0.04,0.02,-0.002,0.0
29,4,3.77,2.0,25.71,55.0,0.05,0.05,0.03,-0.004,0.0
30,4,3.771,2.0,25.74,55.5,0.05,0.05,0.03,-0.007,0.0
31,4,3.773,2.0,25.75,56.0,0.05,0.04,0.01,-0.006,0.0
32,4,3.776,2.0,25.78,56.5,0.05,0.05,0.03,-0.006,0.0
33,4,3.779,2.0,25.8,57.0,0.05,0.04,0.02,-0.005,0.0
34,4,3.781,2.0,25.82,57.5,0.05,0.04,0.02,-0.007,0.0
35,4,3.784,2.0,25.85,58.0,0.05,0.06,0.03,-0.006,0.0
36,4,3.787,2.0,25.86,58.5,0.05,0.04,0.01,-0.005,0.0
37,4,3.789,2.0,25.88,59.0,0.05,0.04,0.02,-0.005,0.0
38,4,3.79,2.0,25.91,59.5,0.05,0.04,0.03,-0.005,0.0
39,4,3.792,2.0,25.93,60.0,0.05,0.04,0.02,-0.007,0.0
40,4,3.795,2.0,25.94,60.5,0.05,0.04,0.01,-0.007,0.0
41,4,3.798,2.0,25.96,61.0,0.05,0.03,0.02,-0.005,0.0
42,4,3.799,2.0,25.99,61.5,0.05,0.03,0.03,-0.006,0.0
43,4,3.801,2.0,26.01,62.0,0.05,0.03,0.02,-0.007,0.0
44,4,3.803,2.0,26.04,62.5,0.05,0.04,0.03,-0.006,0.0
45,4,3.804,2.0,26.06,63.0,0.05,0.03,0.02,-0.008,0.0
46,4,3.807,2.0,26.07,63.5,0.05,0.03,0.01,-0.008,0.0
47,4,3.809,2.0,26.09,64.0,0.05,0.03,0.02,-0.008,0.0
48,4,3.81,2.0,26.11,64.5,0.05,0.03,0.02,-0.009,0.0
49,4,3.813,2.0,26.14,65.0,0.05,0.03,0.03,-0.007,0.0
50,4,3.817,2.0,26.16,65.5,0.05,0.03,0.02,-0.005,0.0
51,4,3.819,2.0,26.19,66.0,0.05,0.04,0.03,-0.005,0.0
52,4,3.82,2.0,26.21,66.5,0.05,0.04,0.02,-0.005,0.0
53,4,3.824,2.0,26.23,67.0,0.05,0.03,0.02,-0.004,0.0
54,4,3.826,2.0,26.26,67.5,0.05,0.03,0.03,-0.004,0.0
55,4,3.829,2.0,26.29,68.0,0.05,0.04,0.03,-0.005,0.0
56,4,3.832,2.0,26.31,68.5,0.05,0.03,0.02,-0.006,0.0
57,4,3.834,2.0,26.33,69.0,0.05,0.02,0.02,-0.006,0.0
58,4,3.836,2.0,26.36,69.5,0.05,0.04,0.03,-0.007,0.0
59,4,3.84,2.0,26.38,70.0,0.05,0.04,0.02,-0.007,0.0
60,4,3.841,2.0,26.4,70.5,0.05,0.03,0.02,-0.01,0.0
61,4,3.843,2.0,26.43,71.0,0.05,0.04,0.03,-0.009,0.0
62,4,3.845,2.0,26.45,71.5,0.05,0.03,0.02,-0.01,0.0
63,4,3.847,2.0,26.47,72.0,0.05,0.04,0.02,-0.009,0.0
64,4,3.85,2.0,26.5,72.5,0.05,0.05,0.03,-0.009,0.0
65,4,3.851,2.0,26.53,73.0,0.05,0.06,0.03,-0.011,0.0
66,4,3.853,2.0,26.55,73.5,0.05,0.06,0.02,-0.011,0.0
67,4,3.854,2.0,26.56,74.0,0.05,0.04,0.01,-0.014,0.0
68,4,3.856,2.0,26.59,74.5,0.05,0.05,0.03,-0.014,0.0
69,4,3.857,2.0,26.6,75.0,0.05,0.04,0.01,-0.017,0.0
70,4,3.86,2.0,26.63,75.5,0.05,0.05,0.03,-0.015,0.0
71,4,3.863,2.0,26.65,76.0,0.05,0.05,0.02,-0.016,0.0
72,4,3.867,2.0,26.67,76.5,0.05,0.04,0.02,-0.014,0.0
73,4,3.869,2.0,26.7,77.0,0.05,0.05,0.03,-0.015,0.0
74,4,3.871,2.0,26.72,77.5,0.05,0.04,0.02,-0.017,0.0
75,4,3.874,2.0,26.74,78.0,0.05,0.04,0.02,-0.017,0.0
76,4,3.875,2.0,26.76,78.5,0.05,0.04,0.02,-0.017,0.0
77,4,3.878,2.0,26.79,79.0,0.05,0.06,0.03,-0.018,0.0
78,4,3.882,2.0,26.82,79.5,0.05,0.06,0.03,-0.016,0.0
79,4,3.885,2.0,26.84,80.0,0.05,0.05,0.02,-0.015,0.0
80,4,3.888,2.0,26.85,80.5,0.05,0.04,0.01,-0.015,0.0
81,4,3.892,2.0,26.87,81.0,0.05,0.04,0.02,-0.012,0.0
82,4,3.894,2.0,26.89,81.5,0.05,0.04,0.02,-0.012,0.0
83,4,3.895,2.0,26.91,82.0,0.05,0.03,0.02,-0.013,0.0
84,4,3.898,2.0,26.94,82.5,0.05,0.04,0.03,-0.012,0.0
85,4,3.9,2.0,26.97,83.0,0.05,0.05,0.03,-0.013,0.0
86,4,3.903,2.0,26.99,83.5,0.05,0.05,0.02,-0.013,0.0
87,4,3.904,2.0,27.01,84.0,0.05,0.03,0.02,-0.015,0.0
88,4,3.906,2.0,27.03,84.5,0.05,0.02,0.02,-0.015,0.0
89,4,3.909,2.0,27.06,85.0,0.05,0.03,0.03,-0.014,0.0
90,4,3.912,2.0,27.09,85.5,0.05,0.03,0.03,-0.014,0.0
91,4,3.913,2.0,27.12,86.0,0.05,0.03,0.03,-0.015,0.0
92,4,3.916,2.0,27.16,86.5,0.05,0.05,0.04,-0.015,0.0
93,4,3.919,2.0,27.18,87.0,0.05,0.04,0.02,-0.015,0.0
94,4,3.921,2.0,27.21,87.5,0.05,0.04,0.03,-0.016,0.0
95,4,3.923,2.0,27.24,88.0,0.05,0.04,0.03,-0.017,0.0
96,4,3.925,2.0,27.27,88.5,0.05,0.04,0.03,-0.017,0.0
97,4,3.928,2.0,27.29,89.0,0.05,0.03,0.02,-0.016,0.0
98,4,3.93,2.0,27.32,89.5,0.05,0.02,0.03,-0.015,0.0
99,4,3.931,2.0,27.36,90.0,0.05,0.04,0.04,-0.016,0.0
100,4,3.934,2.0,27.38,90.5,0.05,0.02,0.02,-0.015,0.0
101,4,3.935,2.0,27.42,91.0,0.05,0.03,0.04,-0.016,0.0
102,4,3.936,2.0,27.46,91.5,0.05,0.04,0.04,-0.016,0.0
103,4,3.938,2.0,27.49,92.0,0.05,0.04,0.03,-0.017,0.0
104,4,3.939,2.0,27.52,92.5,0.05,0.05,0.03,-0.02,0.0
105,4,3.941,2.0,27.55,93.0,0.05,0.05,0.03,-0.019,0.0
106,4,3.944,2.0,27.59,93.5,0.05,0.07,0.04,-0.019,0.0
107,4,3.947,2.0,27.63,94.0,0.05,0.08,0.04,-0.017,0.0
108,4,3.951,2.0,27.66,94.5,0.05,0.07,0.03,-0.017,0.0
109,4,3.955,2.0,27.7,95.0,0.05,0.08,0.04,-0.014,0.0
110,4,3.959,2.0,27.73,95.5,0.05,0.07,0.03,-0.011,0.0
111,4,3.961,2.0,27.76,96.0,0.05,0.08,0.03,-0.013,0.0
112,4,3.963,2.0,27.79,96.5,0.05,0.08,0.03,-0.012,0.0
113,4,3.965,2.0,27.81,97.0,0.05,0.07,0.02,-0.013,0.0
114,4,3.967,2.0,27.84,97.5,0.05,0.07,0.03,-0.014,0.0
115,4,3.971,2.0,27.86,98.0,0.05,0.06,0.02,-0.013,0.0
116,4,3.975,2.0,27.9,98.5,0.05,0.08,0.04,-0.012,0.0
117,4,3.978,2.0,27.93,99.0,0.05,0.07,0.03,-0.011,0.0
118,4,3.981,2.0,27.97,99.5,0.05,0.08,0.04,-0.01,0.0
119,4,3.985,2.0,28.0,100.0,0.05,0.08,0.03,-0.008,0.0
120,4,3.986,2.0,28.04,100.0,0.05,0.09,0.04,-0.01,0.0
121,4,3.987,2.0,28.08,100.0,0.05,0.1,0.04,-0.013,0.0
122,4,3.989,2.0,28.11,100.0,0.05,0.1,0.03,-0.013,0.0
123,4,3.991,2.0,28.14,100.0,0.05,0.09,0.03,-0.012,0.0
124,4,3.993,2.0,28.17,100.0,0.05,0.1,0.03,-0.012,0.0
125,4,3.995,2.0,28.2,100.0,0.05,0.1,0.03,-0.012,0.0
126,4,3.998,2.0,28.23,100.0,0.05,0.1,0.03,-0.012,0.0
127,4,3.999,2.0,28.27,100.0,0.05,0.12,0.04,-0.012,0.0
128,4,4.002,2.0,28.3,100.0,0.05,0.12,0.03,-0.012,0.0
129,4,4.005,2.0,28.34,100.0,0.05,0.14,0.04,-0.011,0.0
130,4,4.009,2.0,28.36,100.0,0.05,0.13,0.02,-0.01,0.0
131,4,4.01,2.0,28.39,100.0,0.05,0.13,0.03,-0.011,0.0
132,4,4.011,2.0,28.43,100.0,0.05,0.13,0.04,-0.013,0.0
133,4,4.013,2.0,28.46,100.0,0.05,0.14,0.03,-0.012,0.0
134,4,4.016,2.0,28.5,100.0,0.05,0.15,0.04,-0.012,0.0
135,4,4.018,2.0,28.54,100.0,0.05,0.16,0.04,-0.011,0.0
136,4,4.02,2.0,28.56,100.0,0.05,0.15,0.02,-0.012,0.0
137,4,4.024,2.0,28.59,100.0,0.05,0.15,0.03,-0.01,0.0
138,4,4.027,2.0,28.62,100.0,0.05,0.15,0.03,-0.01,0.0
139,4,4.029,2.0,28.65,100.0,0.05,0.14,0.03,-0.01,0.0
140,4,4.033,2.0,28.69,100.0,0.05,0.15,0.04,-0.008,0.0
141,4,4.034,2.0,28.73,100.0,0.05,0.15,0.04,-0.011,0.0
142,4,4.036,2.0,28.76,100.0,0.05,0.16,0.03,-0.011,0.0
143,4,4.038,2.0,28.8,100.0,0.05,0.16,0.04,-0.012,0.0
144,4,4.042,2.0,28.84,100.0,0.05,0.17,0.04,-0.011,0.0
145,4,4.044,2.0,28.87,100.0,0.05,0.17,0.03,-0.011,0.0
146,4,4.046,2.0,28.9,100.0,0.05,0.18,0.03,-0.011,0.0
147,4,4.047,2.0,28.93,100.0,0.05,0.17,0.03,-0.012,0.0
148,4,4.05,2.0,28.96,100.0,0.05,0.16,0.03,-0.011,0.0
149,4,4.051,2.0,29.0,100.0,0.05,0.17,0.04,-0.013,0.0
150,4,4.053,2.0,29.03,100.0,0.05,0.18,0.03,-0.013,0.0
151,4,4.056,2.0,29.07,100.0,0.05,0.18,0.04,-0.012,0.0
152,4,4.057,2.0,29.1,100.0,0.05,0.18,0.03,-0.014,0.0
153,4,4.06,2.0,29.13,100.0,0.05,0.18,0.03,-0.012,0.0
154,4,4.062,2.0,29.17,100.0,0.05,0.2,0.04,-0.013,0.0
155,4,4.064,2.0,29.2,100.0,0.05,0.19,0.03,-0.015,0.0
156,4,4.066,2.0,29.23,100.0,0.05,0.19,0.03,-0.015,0.0
157,4,4.069,2.0,29.26,100.0,0.05,0.19,0.03,-0.016,0.0
158,4,4.073,2.0,29.29,100.0,0.05,0.18,0.03,-0.013,0.0
159,4,4.076,2.0,29.31,100.0,0.05,0.17,0.02,-0.012,0.0
160,4,4.078,2.0,29.34,100.0,0.05,0.17,0.03,-0.012,0.0
161,4,4.081,2.0,29.37,100.0,0.05,0.17,0.03,-0.013,0.0
162,4,4.085,2.0,29.41,100.0,0.05,0.18,0.04,-0.013,0.0
163,4,4.088,2.0,29.45,100.0,0.05,0.19,0.04,-0.011,0.0
164,4,4.091,2.0,29.49,100.0,0.05,0.19,0.04,-0.009,0.0
165,4,4.093,2.0,29.52,100.0,0.05,0.19,0.03,-0.011,0.0
166,4,4.097,2.0,29.55,100.0,0.05,0.19,0.03,-0.01,0.0
167,4,4.099,2.0,29.58,100.0,0.05,0.19,0.03,-0.009,0.0
168,4,4.102,2.0,29.62,100.0,0.05,0.2,0.04,-0.008,0.0
169,4,4.105,2.0,29.66,100.0,0.05,0.21,0.04,-0.008,0.0
170,4,4.107,2.0,29.69,100.0,0.05,0.21,0.03,-0.009,0.0
171,4,4.109,2.0,29.73,100.0,0.05,0.21,0.04,-0.01,0.0
172,4,4.113,2.0,29.77,100.0,0.05,0.22,0.04,-0.01,0.0
173,4,4.115,2.0,29.81,100.0,0.05,0.22,0.04,-0.012,0.0
174,4,4.118,2.0,29.85,100.0,0.05,0.22,0.04,-0.011,0.0
175,4,4.121,2.0,29.87,100.0,0.05,0.21,0.02,-0.01,0.0
176,4,4.123,2.0,29.91,100.0,0.05,0.22,0.04,-0.012,0.0
177,4,4.127,2.0,29.94,100.0,0.05,0.22,0.03,-0.009,0.0
178,4,4.13,2.0,29.97,100.0,0.05,0.21,0.03,-0.008,0.0
179,4,4.131,2.0,30.0,100.0,0.05,0.22,0.03,-0.01,0.0
180,4,4.133,2.0,30.03,100.0,0.05,0.22,0.03,-0.012,0.0
181,4,4.136,2.0,30.07,100.0,0.05,0.23,0.04,-0.011,0.0
182,4,4.138,2.0,30.11,100.0,0.05,0.24,0.04,-0.011,0.0
183,4,4.141,2.0,30.15,100.0,0.05,0.25,0.04,-0.011,0.0
184,4,4.142,2.0,30.18,100.0,0.05,0.25,0.03,-0.011,0.0
185,4,4.144,2.0,30.22,100.0,0.05,0.25,0.04,-0.01,0.0
186,4,4.146,2.0,30.26,100.0,0.05,0.26,0.04,-0.01,0.0
187,4,4.148,2.0,30.31,100.0,0.05,0.28,0.05,-0.012,0.0
188,4,4.151,2.0,30.35,100.0,0.05,0.28,0.04,-0.013,0.0
189,4,4.155,2.0,30.39,100.0,0.05,0.28,0.04,-0.01,0.0
190,4,4.159,2.0,30.43,100.0,0.05,0.29,0.04,-0.01,0.0
191,4,4.161,2.0,30.46,100.0,0.05,0.28,0.03,-0.01,0.0
192,4,4.164,2.0,30.49,100.0,0.05,0.28,0.03,-0.01,0.0
193,4,4.167,2.0,30.53,100.0,0.05,0.29,0.04,-0.009,0.0
194,4,4.168,2.0,30.57,100.0,0.05,0.3,0.04,-0.009,0.0
195,4,4.169,2.0,30.61,100.0,0.05,0.3,0.04,-0.011,0.0
196,4,4.17,2.0,30.64,100.0,0.05,0.29,0.03,-0.013,0.0
197,4,4.171,2.0,30.67,100.0,0.05,0.29,0.03,-0.015,0.0
198,4,4.175,2.0,30.71,100.0,0.05,0.3,0.04,-0.013,0.0
199,4,4.178,2.0,30.75,100.0,0.05,0.31,0.04,-0.013,0.0
