Cycle,Average Voltage (V),Average Current (A),Average Temperature (°C),Discharge Duration (s),Capacity (Ah),SoH (%)
1,3.5569,1.9905,32.1428,3690.234,2.0353,100.0
2,3.5615,1.9903,32.2931,3672.344,2.0251,99.499
3,3.5668,1.9899,32.2441,3651.641,2.0133,98.9185
4,3.5688,1.9896,32.1471,3631.563,2.0133,98.9165
5,3.564,1.9895,32.0669,3629.172,2.0005,98.2898
6,3.5736,1.9901,32.0345,3652.281,2.0139,98.9467
7,3.5711,1.9901,32.1116,3650.828,2.0131,98.9075
8,3.5682,1.9891,32.1126,3572.453,1.9688,96.7304
9,3.5693,1.9892,32.0357,3550.594,1.9682,96.6997
10,3.5634,1.9892,31.9953,3551.25,1.9572,96.1625
11,3.5667,1.9891,31.8741,3530.25,1.9456,95.591
12,3.5687,1.9888,32.121,3491.016,1.9348,95.058
13,3.5692,1.9887,32.1102,3470.281,1.9233,94.4944
14,3.5659,1.9887,31.9891,3470.0,1.9119,93.9348
15,3.5612,1.9888,31.8788,3450.297,1.9011,93.403
16,3.5579,1.9886,31.7675,3429.407,1.8892,92.8199
17,3.5628,1.9885,31.7899,3409.484,1.8783,92.2834
18,3.5592,1.9884,31.8288,3390.422,1.8676,91.7572
19,3.5581,1.9775,31.8904,3390.281,1.8676,91.7582
20,3.5659,1.9892,31.5118,3591.734,1.9796,97.2628
21,3.5708,1.989,31.8745,3552.297,1.9575,96.1781
22,3.5667,1.9887,31.5391,3531.578,1.9458,95.6016
23,3.5668,1.9886,31.2209,3492.907,1.9242,94.5419
24,3.5711,1.9886,31.119,3511.594,1.946,95.6097
25,3.5666,1.9881,31.0332,3431.937,1.9014,93.4198
26,3.5527,1.9773,31.0012,3431.125,1.8787,92.3028
27,3.5561,1.9772,30.9214,3412.406,1.8683,91.7934
28,3.5505,1.966,30.9294,3410.688,1.856,91.19
29,3.546,1.9446,31.0081,3410.718,1.8452,90.6582
30,3.5543,1.9769,30.9678,3392.719,1.8572,91.2492
31,3.5559,1.9998,31.101,3470.672,1.9248,94.5679
32,3.5537,1.9884,31.3074,3414.109,1.8822,92.4776
33,3.5453,1.9771,31.1313,3395.219,1.8553,91.1533
34,3.5384,1.9657,30.8287,3386.0,1.8393,90.3659
35,3.5298,1.9543,30.7615,3368.187,1.8185,89.3483
36,3.5301,1.9491,31.3031,3368.266,1.8135,89.0996
37,3.5249,1.9374,31.0643,3358.719,1.7971,88.295
38,3.5191,1.9313,30.9665,3339.5,1.781,87.5041
39,3.5152,1.9254,30.8265,3331.265,1.771,87.0132
40,3.514,1.9199,31.0808,3321.188,1.7605,86.4953
41,3.5141,1.9087,31.6943,3321.844,1.7503,85.9951
42,3.5096,1.9028,31.8756,3311.828,1.7395,85.4646
43,3.5111,1.9093,31.5433,3327.391,1.7547,86.2106
44,3.5159,1.9306,31.421,3312.078,1.7659,86.7639
45,3.5059,1.9071,31.1584,3293.172,1.7338,85.1843
46,3.501,1.8954,31.1566,3275.328,1.7133,84.179
47,3.4974,1.8893,31.2066,3265.016,1.7024,83.6425
48,3.5389,1.9819,33.6117,3328.937,1.8237,89.6028
49,3.5327,1.9653,32.8563,3329.266,1.8081,88.8368
50,3.5212,1.9471,32.211,3301.579,1.7758,87.2465
51,3.5093,1.9242,31.9651,3283.563,1.7447,85.7224
52,3.5072,1.9125,31.7448,3275.125,1.7292,84.9592
53,3.5009,1.895,31.8766,3265.656,1.7081,83.9226
54,3.4973,1.8837,32.2429,3266.093,1.6976,83.4061
55,3.4929,1.8717,32.0731,3257.594,1.6821,82.643
56,3.4887,1.8655,32.0301,3248.593,1.6715,82.1228
57,3.4823,1.8593,31.9849,3238.766,1.6608,81.5962
58,3.4776,1.8482,32.2368,3240.14,1.6511,81.1227
59,3.4787,1.8416,32.561,3230.109,1.6401,80.5829
60,3.474,1.8298,32.4898,3229.781,1.6292,80.0457
61,3.4718,1.8171,32.4261,3212.469,1.6088,79.0458
62,3.4632,1.8112,32.2998,3213.219,1.6035,78.7842
63,3.4635,1.8113,32.6108,3203.578,1.599,78.5605
64,3.4602,1.8038,32.257,3195.125,1.5876,78.0031
65,3.4626,1.7982,32.4719,3195.313,1.583,77.7744
66,3.4537,1.7858,32.4022,3186.297,1.5671,76.9964
67,3.4514,1.7851,32.3099,3176.438,1.5613,76.7118
68,3.4508,1.7786,32.3544,3167.593,1.5512,76.212
69,3.4461,1.7728,32.4731,3167.719,1.5407,75.6962
70,3.4418,1.7602,32.5233,3159.078,1.5253,74.9416
71,3.445,1.7653,32.5183,3148.829,1.5302,75.1795
72,3.4412,1.7594,32.5437,3149.094,1.5247,74.9093
73,3.4436,1.7527,32.5622,3140.547,1.5145,74.4127
74,3.4399,1.7517,32.5898,3131.625,1.5094,74.1593
75,3.436,1.7511,32.5709,3121.907,1.504,73.8942
76,3.4363,1.7389,32.5379,3122.125,1.4935,73.3795
77,3.4305,1.7386,32.6565,3121.672,1.4876,73.0902
78,3.4417,1.7871,33.1808,3120.86,1.5303,75.1859
79,3.4355,1.7613,32.7122,3103.828,1.5041,73.8981
80,3.4272,1.7546,32.5439,3095.094,1.4888,73.1456
81,3.4308,1.7365,32.6655,3095.781,1.4783,72.6306
82,3.4309,1.7372,33.1609,3094.328,1.4785,72.6395
83,3.432,1.7358,33.4144,3086.531,1.4732,72.3818
84,3.4269,1.7298,33.3542,3085.625,1.4675,72.1019
85,3.422,1.7279,33.1363,3067.203,1.4516,71.3213
86,3.4203,1.7269,32.9224,3058.157,1.4519,71.3358
87,3.4248,1.7212,33.2034,3058.812,1.4471,71.1012
88,3.4235,1.7212,33.534,3058.578,1.4469,71.0867
89,3.4247,1.7201,33.5768,3049.328,1.4417,70.8322
90,3.4507,1.821,33.2241,3177.219,1.5936,78.2959
91,3.448,1.8214,33.3708,3082.937,1.5464,75.9771
92,3.4399,1.79,33.4337,3074.266,1.5147,74.4204
93,3.4341,1.7769,33.2868,3066.0,1.499,73.6477
94,3.4326,1.764,33.1435,3056.437,1.4831,72.8681
95,3.4271,1.7572,33.1102,3048.219,1.473,72.3696
96,3.4273,1.7503,33.1899,3039.218,1.4628,71.8682
97,3.4235,1.744,33.2627,3039.047,1.4518,71.3315
98,3.4221,1.7369,33.3,3030.375,1.4469,71.0873
99,3.4219,1.736,33.3166,3021.0,1.4414,70.8178
100,3.4196,1.7297,33.3915,3021.75,1.4312,70.3181
101,3.4175,1.7288,33.4152,3012.265,1.426,70.0633
102,3.4198,1.7217,33.3969,3002.641,1.4205,69.7913
103,3.4171,1.7228,33.7373,3012.0,1.4207,69.8017
104,3.4305,1.7488,34.0897,3020.11,1.4523,71.3521
105,3.4251,1.7345,33.9987,3002.172,1.4316,70.3351
106,3.4171,1.7272,33.9074,2992.703,1.415,69.5224
107,3.4175,1.7306,33.7052,2964.468,1.4097,69.2628
108,3.4182,1.7142,33.7459,2983.375,1.4049,69.0263
109,3.4203,1.7068,34.0166,2975.297,1.3952,68.5471
110,3.4193,1.7064,34.175,2974.985,1.3945,68.5161
111,3.4144,1.7053,33.9761,2966.25,1.3893,68.2598
112,3.4127,1.7046,33.8415,2956.359,1.3838,67.9906
113,3.4104,1.6986,34.1008,2956.344,1.3737,67.4916
114,3.4144,1.6982,34.3466,2956.406,1.3786,67.7335
115,3.4132,1.6971,34.2162,2947.266,1.3738,67.4954
116,3.4107,1.696,34.0416,2937.984,1.3683,67.2251
117,3.4089,1.6953,33.8902,2929.125,1.3633,66.9816
118,3.4134,1.6891,34.1168,2928.454,1.3581,66.7259
119,3.4112,1.6893,34.4905,2929.375,1.3533,66.4887
120,3.4155,1.7102,34.2374,2946.031,1.3842,68.0064
121,3.423,1.7303,34.4143,2955.438,1.4051,69.0375
122,3.4148,1.7153,34.1645,2937.625,1.3787,67.7391
123,3.4144,1.7014,33.8771,2929.078,1.3683,67.2255
124,3.4092,1.7005,33.8396,2918.375,1.3573,66.6875
125,3.4119,1.6874,33.8183,2919.812,1.3525,66.4506
126,3.4094,1.692,33.8126,2900.422,1.3474,66.2008
127,3.4082,1.6853,33.7989,2901.375,1.337,65.6897
128,3.4074,1.6788,33.7027,2901.187,1.3312,65.4061
129,3.4086,1.6712,33.6356,2891.64,1.3259,65.1455
130,3.4048,1.6769,33.6907,2882.906,1.3216,64.9317
131,3.4081,1.6702,33.7132,2883.265,1.3212,64.9143
132,3.4092,1.6635,33.6538,2882.969,1.3156,64.6403
133,3.4111,1.6646,33.9836,2891.656,1.3209,64.8985
134,3.4167,1.6918,33.8163,2901.25,1.3474,66.2019
135,3.417,1.6712,33.6069,2891.703,1.326,65.1495
136,3.4106,1.6633,33.4735,2883.016,1.3101,64.3686
137,3.4113,1.6559,33.2092,2873.453,1.3052,64.1278
138,3.4081,1.6561,33.5809,2874.031,1.3004,63.8914
139,3.4126,1.6494,33.764,2874.234,1.3002,63.8831
140,3.4077,1.6481,33.57,2864.984,1.2895,63.3559
141,3.4073,1.6403,33.2721,2855.093,1.2793,62.8521
142,3.4093,1.6339,33.1274,2855.625,1.2792,62.8499
143,3.4095,1.6341,33.4391,2855.594,1.274,62.5958
144,3.4103,1.6325,33.4829,2847.437,1.2741,62.6003
145,3.4093,1.6193,33.2214,2847.36,1.2638,62.0911
146,3.4094,1.6179,32.9856,2837.328,1.2581,61.8147
147,3.4039,1.6181,32.9702,2837.281,1.2533,61.575
148,3.4066,1.6182,33.3102,2838.515,1.2532,61.5736
149,3.4096,1.6104,33.2341,2828.328,1.2481,61.3209
150,3.4094,1.6116,33.1177,2838.265,1.2534,61.5837
151,3.4195,1.642,33.7842,2864.547,1.2898,63.3706
152,3.4152,1.6195,33.8064,2846.39,1.2635,62.0801
153,3.4155,1.6049,33.6374,2837.969,1.248,61.3154
154,3.413,1.5917,33.582,2838.156,1.2321,60.5364
155,3.4095,1.5901,33.5625,2829.843,1.2271,60.2904
156,3.4138,1.5768,33.5111,2829.625,1.2217,60.0264
157,3.4109,1.5753,33.5368,2819.437,1.2111,59.5038
158,3.4106,1.5685,33.498,2819.579,1.2056,59.2342
159,3.4097,1.5672,33.517,2810.672,1.2009,59.0022
160,3.4129,1.5538,33.5319,2811.485,1.1906,58.496
161,3.4135,1.5522,33.5676,2802.422,1.1852,58.2301
162,3.4144,1.5453,33.6049,2801.625,1.1797,57.9595
163,3.4124,1.5387,33.5428,2802.031,1.1746,57.7101
164,3.4148,1.517,33.4725,2793.39,1.1538,56.6893
165,3.4166,1.5239,33.5821,2793.39,1.1644,57.2092
166,3.4121,1.5238,33.6635,2792.485,1.1588,56.9339
167,3.4197,1.5391,33.7305,2802.016,1.175,57.7287
168,3.4235,1.5427,33.8913,2820.39,1.1857,58.2545
