Time (s),Cell,Voltage (V),Current (A),Temperature (°C),SoC (%)
0,1,3.701,2.0,25.03,40.5
0,2,3.702,2.0,25.02,40.5
0,3,3.703,2.0,25.03,40.5
0,4,3.704,2.0,25.04,40.5
1,1,3.704,2.0,25.06,41.0
1,2,3.707,2.0,25.07,41.0
1,3,3.704,2.0,25.07,41.0
1,4,3.708,2.0,25.07,41.0
2,1,3.706,2.0,25.07,41.5
2,2,3.708,2.0,25.09,41.5
2,3,3.708,2.0,25.1,41.5
2,4,3.71,2.0,25.09,41.5
3,1,3.711,2.0,25.1,42.0
3,2,3.71,2.0,25.11,42.0
3,3,3.71,2.0,25.14,42.0
3,4,3.714,2.0,25.11,42.0
4,1,3.713,2.0,25.14,42.5
4,2,3.713,2.0,25.15,42.5
4,3,3.714,2.0,25.16,42.5
4,4,3.715,2.0,25.15,42.5
5,1,3.716,2.0,25.16,43.0
5,2,3.717,2.0,25.17,43.0
5,3,3.718,2.0,25.18,43.0
5,4,3.72,2.0,25.18,43.0
6,1,3.72,2.0,25.2,43.5
6,2,3.72,2.0,25.21,43.5
6,3,3.72,2.0,25.2,43.5
6,4,3.721,2.0,25.21,43.5
7,1,3.724,2.0,25.24,44.0
7,2,3.725,2.0,25.26,44.0
7,3,3.724,2.0,25.24,44.0
7,4,3.726,2.0,25.23,44.0
8,1,3.725,2.0,25.26,44.5
8,2,3.728,2.0,25.29,44.5
8,3,3.728,2.0,25.28,44.5
8,4,3.727,2.0,25.25,44.5
9,1,3.729,2.0,25.28,45.0
9,2,3.731,2.0,25.33,45.0
9,3,3.733,2.0,25.33,45.0
9,4,3.728,2.0,25.28,45.0
10,1,3.734,2.0,25.3,45.5
10,2,3.735,2.0,25.36,45.5
10,3,3.738,2.0,25.37,45.5
10,4,3.732,2.0,25.33,45.5
11,1,3.739,2.0,25.35,46.0
11,2,3.738,2.0,25.39,46.0
11,3,3.739,2.0,25.41,46.0
11,4,3.736,2.0,25.34,46.0
12,1,3.742,2.0,25.37,46.5
12,2,3.74,2.0,25.44,46.5
12,3,3.741,2.0,25.43,46.5
12,4,3.741,2.0,25.38,46.5
13,1,3.745,2.0,25.39,47.0
13,2,3.743,2.0,25.47,47.0
13,3,3.744,2.0,25.46,47.0
13,4,3.745,2.0,25.4,47.0
14,1,3.749,2.0,25.43,47.5
14,2,3.746,2.0,25.5,47.5
14,3,3.748,2.0,25.48,47.5
14,4,3.747,2.0,25.43,47.5
15,1,3.753,2.0,25.44,48.0
15,2,3.75,2.0,25.54,48.0
15,3,3.753,2.0,25.5,48.0
15,4,3.748,2.0,25.46,48.0
16,1,3.756,2.0,25.47,48.5
16,2,3.753,2.0,25.56,48.5
16,3,3.756,2.0,25.55,48.5
16,4,3.751,2.0,25.5,48.5
17,1,3.758,2.0,25.5,49.0
17,2,3.756,2.0,25.59,49.0
17,3,3.758,2.0,25.58,49.0
17,4,3.756,2.0,25.52,49.0
18,1,3.76,2.0,25.53,49.5
18,2,3.759,2.0,25.63,49.5
18,3,3.762,2.0,25.6,49.5
18,4,3.76,2.0,25.55,49.5
19,1,3.762,2.0,25.55,50.0
19,2,3.763,2.0,25.68,50.0
19,3,3.764,2.0,25.61,50.0
19,4,3.763,2.0,25.59,50.0
20,1,3.766,2.0,25.6,50.5
20,2,3.767,2.0,25.7,50.5
20,3,3.768,2.0,25.63,50.5
20,4,3.767,2.0,25.6,50.5
21,1,3.769,2.0,25.65,51.0
21,2,3.771,2.0,25.73,51.0
21,3,3.772,2.0,25.67,51.0
21,4,3.769,2.0,25.62,51.0
22,1,3.771,2.0,25.67,51.5
22,2,3.773,2.0,25.77,51.5
22,3,3.776,2.0,25.71,51.5
22,4,3.77,2.0,25.66,51.5
23,1,3.776,2.0,25.69,52.0
23,2,3.774,2.0,25.81,52.0
23,3,3.78,2.0,25.72,52.0
23,4,3.775,2.0,25.68,52.0
24,1,3.779,2.0,25.72,52.5
24,2,3.777,2.0,25.84,52.5
24,3,3.784,2.0,25.75,52.5
24,4,3.78,2.0,25.72,52.5
25,1,3.782,2.0,25.75,53.0
25,2,3.782,2.0,25.87,53.0
25,3,3.788,2.0,25.77,53.0
25,4,3.783,2.0,25.73,53.0
26,1,3.783,2.0,25.77,53.5
26,2,3.785,2.0,25.91,53.5
26,3,3.791,2.0,25.79,53.5
26,4,3.784,2.0,25.77,53.5
27,1,3.787,2.0,25.78,54.0
27,2,3.788,2.0,25.94,54.0
27,3,3.793,2.0,25.84,54.0
27,4,3.787,2.0,25.8,54.0
28,1,3.788,2.0,25.83,54.5
28,2,3.79,2.0,25.96,54.5
28,3,3.795,2.0,25.85,54.5
28,4,3.79,2.0,25.83,54.5
29,1,3.793,2.0,25.87,55.0
29,2,3.793,2.0,25.99,55.0
29,3,3.799,2.0,25.89,55.0
29,4,3.793,2.0,25.87,55.0
30,1,3.797,2.0,25.9,55.5
30,2,3.797,2.0,26.01,55.5
30,3,3.801,2.0,25.92,55.5
30,4,3.797,2.0,25.88,55.5
31,1,3.798,2.0,25.92,56.0
31,2,3.8,2.0,26.05,56.0
31,3,3.806,2.0,25.95,56.0
31,4,3.799,2.0,25.9,56.0
32,1,3.802,2.0,25.95,56.5
32,2,3.803,2.0,26.1,56.5
32,3,3.809,2.0,25.98,56.5
32,4,3.801,2.0,25.92,56.5
33,1,3.804,2.0,25.98,57.0
33,2,3.806,2.0,26.12,57.0
33,3,3.811,2.0,26.03,57.0
33,4,3.805,2.0,25.93,57.0
34,1,3.805,2.0,26.03,57.5
34,2,3.81,2.0,26.15,57.5
34,3,3.813,2.0,26.05,57.5
34,4,3.809,2.0,25.98,57.5
35,1,3.808,2.0,26.05,58.0
35,2,3.811,2.0,26.17,58.0
35,3,3.817,2.0,26.07,58.0
35,4,3.814,2.0,26.0,58.0
36,1,3.81,2.0,26.08,58.5
36,2,3.816,2.0,26.2,58.5
36,3,3.819,2.0,26.09,58.5
36,4,3.816,2.0,26.03,58.5
37,1,3.813,2.0,26.11,59.0
37,2,3.82,2.0,26.22,59.0
37,3,3.82,2.0,26.13,59.0
37,4,3.82,2.0,26.05,59.0
38,1,3.814,2.0,26.13,59.5
38,2,3.823,2.0,26.26,59.5
38,3,3.821,2.0,26.18,59.5
38,4,3.822,2.0,26.07,59.5
39,1,3.818,2.0,26.14,60.0
39,2,3.826,2.0,26.3,60.0
39,3,3.826,2.0,26.22,60.0
39,4,3.826,2.0,26.08,60.0
40,1,3.822,2.0,26.15,60.5
40,2,3.828,2.0,26.34,60.5
40,3,3.828,2.0,26.25,60.5
40,4,3.83,2.0,26.12,60.5
41,1,3.824,2.0,26.17,61.0
41,2,3.83,2.0,26.38,61.0
41,3,3.832,2.0,26.27,61.0
41,4,3.832,2.0,26.15,61.0
42,1,3.829,2.0,26.19,61.5
42,2,3.832,2.0,26.43,61.5
42,3,3.833,2.0,26.28,61.5
42,4,3.835,2.0,26.19,61.5
43,1,3.833,2.0,26.23,62.0
43,2,3.836,2.0,26.46,62.0
43,3,3.838,2.0,26.3,62.0
43,4,3.837,2.0,26.22,62.0
44,1,3.837,2.0,26.25,62.5
44,2,3.839,2.0,26.5,62.5
44,3,3.842,2.0,26.33,62.5
44,4,3.842,2.0,26.26,62.5
45,1,3.841,2.0,26.29,63.0
45,2,3.841,2.0,26.52,63.0
45,3,3.846,2.0,26.36,63.0
45,4,3.844,2.0,26.28,63.0
46,1,3.844,2.0,26.32,63.5
46,2,3.842,2.0,26.54,63.5
46,3,3.849,2.0,26.37,63.5
46,4,3.847,2.0,26.3,63.5
47,1,3.846,2.0,26.35,64.0
47,2,3.846,2.0,26.56,64.0
47,3,3.852,2.0,26.41,64.0
47,4,3.851,2.0,26.33,64.0
48,1,3.85,2.0,26.36,64.5
48,2,3.849,2.0,26.57,64.5
48,3,3.854,2.0,26.45,64.5
48,4,3.853,2.0,26.38,64.5
49,1,3.853,2.0,26.4,65.0
49,2,3.852,2.0,26.59,65.0
49,3,3.859,2.0,26.48,65.0
49,4,3.854,2.0,26.39,65.0
50,1,3.858,2.0,26.44,65.5
50,2,3.854,2.0,26.61,65.5
50,3,3.863,2.0,26.52,65.5
50,4,3.856,2.0,26.44,65.5
51,1,3.86,2.0,26.49,66.0
51,2,3.857,2.0,26.63,66.0
51,3,3.866,2.0,26.57,66.0
51,4,3.857,2.0,26.45,66.0
52,1,3.861,2.0,26.53,66.5
52,2,3.859,2.0,26.68,66.5
52,3,3.87,2.0,26.62,66.5
52,4,3.862,2.0,26.49,66.5
53,1,3.866,2.0,26.54,67.0
53,2,3.863,2.0,26.71,67.0
53,3,3.871,2.0,26.66,67.0
53,4,3.865,2.0,26.52,67.0
54,1,3.867,2.0,26.56,67.5
54,2,3.865,2.0,26.76,67.5
54,3,3.873,2.0,26.7,67.5
54,4,3.87,2.0,26.54,67.5
55,1,3.872,2.0,26.6,68.0
55,2,3.866,2.0,26.79,68.0
55,3,3.876,2.0,26.73,68.0
55,4,3.872,2.0,26.58,68.0
56,1,3.874,2.0,26.62,68.5
56,2,3.868,2.0,26.82,68.5
56,3,3.878,2.0,26.76,68.5
56,4,3.876,2.0,26.61,68.5
57,1,3.879,2.0,26.65,69.0
57,2,3.871,2.0,26.87,69.0
57,3,3.882,2.0,26.8,69.0
57,4,3.879,2.0,26.65,69.0
58,1,3.881,2.0,26.68,69.5
58,2,3.872,2.0,26.89,69.5
58,3,3.886,2.0,26.82,69.5
58,4,3.882,2.0,26.69,69.5
59,1,3.884,2.0,26.72,70.0
59,2,3.874,2.0,26.91,70.0
59,3,3.89,2.0,26.85,70.0
59,4,3.885,2.0,26.73,70.0
60,1,3.885,2.0,26.76,70.5
60,2,3.879,2.0,26.92,70.5
60,3,3.894,2.0,26.86,70.5
60,4,3.888,2.0,26.78,70.5
61,1,3.889,2.0,26.8,71.0
61,2,3.884,2.0,26.93,71.0
61,3,3.896,2.0,26.91,71.0
61,4,3.892,2.0,26.81,71.0
62,1,3.893,2.0,26.85,71.5
62,2,3.887,2.0,26.97,71.5
62,3,3.9,2.0,26.93,71.5
62,4,3.893,2.0,26.83,71.5
63,1,3.895,2.0,26.88,72.0
63,2,3.89,2.0,27.02,72.0
63,3,3.904,2.0,26.95,72.0
63,4,3.897,2.0,26.86,72.0
64,1,3.899,2.0,26.91,72.5
64,2,3.891,2.0,27.06,72.5
64,3,3.909,2.0,26.98,72.5
64,4,3.9,2.0,26.89,72.5
65,1,3.902,2.0,26.94,73.0
65,2,3.895,2.0,27.1,73.0
65,3,3.913,2.0,27.0,73.0
65,4,3.904,2.0,26.9,73.0
66,1,3.906,2.0,26.95,73.5
66,2,3.896,2.0,27.13,73.5
66,3,3.918,2.0,27.04,73.5
66,4,3.905,2.0,26.93,73.5
67,1,3.909,2.0,27.0,74.0
67,2,3.899,2.0,27.18,74.0
67,3,3.92,2.0,27.06,74.0
67,4,3.908,2.0,26.97,74.0
68,1,3.914,2.0,27.02,74.5
68,2,3.901,2.0,27.22,74.5
68,3,3.924,2.0,27.07,74.5
68,4,3.912,2.0,27.01,74.5
69,1,3.918,2.0,27.04,75.0
69,2,3.903,2.0,27.24,75.0
69,3,3.926,2.0,27.11,75.0
69,4,3.914,2.0,27.04,75.0
70,1,3.922,2.0,27.08,75.5
70,2,3.905,2.0,27.26,75.5
70,3,3.927,2.0,27.12,75.5
70,4,3.919,2.0,27.05,75.5
71,1,3.926,2.0,27.13,76.0
71,2,3.91,2.0,27.27,76.0
71,3,3.931,2.0,27.17,76.0
71,4,3.922,2.0,27.09,76.0
72,1,3.93,2.0,27.14,76.5
72,2,3.912,2.0,27.31,76.5
72,3,3.936,2.0,27.19,76.5
72,4,3.926,2.0,27.14,76.5
73,1,3.931,2.0,27.17,77.0
73,2,3.914,2.0,27.33,77.0
73,3,3.937,2.0,27.21,77.0
73,4,3.927,2.0,27.18,77.0
74,1,3.935,2.0,27.2,77.5
74,2,3.916,2.0,27.37,77.5
74,3,3.94,2.0,27.24,77.5
74,4,3.93,2.0,27.22,77.5
75,1,3.937,2.0,27.22,78.0
75,2,3.92,2.0,27.38,78.0
75,3,3.942,2.0,27.26,78.0
75,4,3.935,2.0,27.26,78.0
76,1,3.939,2.0,27.24,78.5
76,2,3.923,2.0,27.42,78.5
76,3,3.946,2.0,27.27,78.5
76,4,3.939,2.0,27.29,78.5
77,1,3.944,2.0,27.26,79.0
77,2,3.925,2.0,27.43,79.0
77,3,3.947,2.0,27.3,79.0
77,4,3.943,2.0,27.31,79.0
78,1,3.947,2.0,27.29,79.5
78,2,3.928,2.0,27.48,79.5
78,3,3.949,2.0,27.35,79.5
78,4,3.946,2.0,27.36,79.5
79,1,3.949,2.0,27.34,80.0
79,2,3.932,2.0,27.52,80.0
79,3,3.952,2.0,27.37,80.0
79,4,3.95,2.0,27.39,80.0
80,1,3.952,2.0,27.36,80.5
80,2,3.934,2.0,27.53,80.5
80,3,3.955,2.0,27.4,80.5
80,4,3.951,2.0,27.4,80.5
81,1,3.953,2.0,27.39,81.0
81,2,3.936,2.0,27.54,81.0
81,3,3.96,2.0,27.41,81.0
81,4,3.954,2.0,27.44,81.0
82,1,3.958,2.0,27.41,81.5
82,2,3.94,2.0,27.57,81.5
82,3,3.963,2.0,27.46,81.5
82,4,3.956,2.0,27.45,81.5
83,1,3.962,2.0,27.42,82.0
83,2,3.942,2.0,27.61,82.0
83,3,3.966,2.0,27.47,82.0
83,4,3.959,2.0,27.49,82.0
84,1,3.963,2.0,27.47,82.5
84,2,3.945,2.0,27.66,82.5
84,3,3.967,2.0,27.48,82.5
84,4,3.962,2.0,27.52,82.5
85,1,3.968,2.0,27.51,83.0
85,2,3.947,2.0,27.69,83.0
85,3,3.971,2.0,27.53,83.0
85,4,3.966,2.0,27.53,83.0
86,1,3.971,2.0,27.53,83.5
86,2,3.952,2.0,27.73,83.5
86,3,3.975,2.0,27.57,83.5
86,4,3.969,2.0,27.57,83.5
87,1,3.974,2.0,27.55,84.0
87,2,3.957,2.0,27.76,84.0
87,3,3.977,2.0,27.6,84.0
87,4,3.97,2.0,27.62,84.0
88,1,3.978,2.0,27.6,84.5
88,2,3.96,2.0,27.8,84.5
88,3,3.978,2.0,27.62,84.5
88,4,3.971,2.0,27.66,84.5
89,1,3.983,2.0,27.64,85.0
89,2,3.961,2.0,27.82,85.0
89,3,3.982,2.0,27.65,85.0
89,4,3.974,2.0,27.67,85.0
90,1,3.985,2.0,27.68,85.5
90,2,3.965,2.0,27.85,85.5
90,3,3.984,2.0,27.7,85.5
90,4,3.976,2.0,27.69,85.5
91,1,3.989,2.0,27.72,86.0
91,2,3.969,2.0,27.88,86.0
91,3,3.987,2.0,27.73,86.0
91,4,3.978,2.0,27.73,86.0
92,1,3.992,2.0,27.73,86.5
92,2,3.971,2.0,27.9,86.5
92,3,3.988,2.0,27.77,86.5
92,4,3.983,2.0,27.75,86.5
93,1,3.996,2.0,27.76,87.0
93,2,3.973,2.0,27.92,87.0
93,3,3.992,2.0,27.81,87.0
93,4,3.987,2.0,27.79,87.0
94,1,3.999,2.0,27.8,87.5
94,2,3.977,2.0,27.96,87.5
94,3,3.996,2.0,27.86,87.5
94,4,3.992,2.0,27.82,87.5
95,1,4.001,2.0,27.84,88.0
95,2,3.978,2.0,27.98,88.0
95,3,3.997,2.0,27.9,88.0
95,4,3.993,2.0,27.84,88.0
96,1,4.003,2.0,27.86,88.5
96,2,3.982,2.0,28.01,88.5
96,3,3.999,2.0,27.92,88.5
96,4,3.997,2.0,27.87,88.5
97,1,4.006,2.0,27.87,89.0
97,2,3.984,2.0,28.03,89.0
97,3,4.002,2.0,27.95,89.0
97,4,4.001,2.0,27.89,89.0
98,1,4.008,2.0,27.89,89.5
98,2,3.988,2.0,28.08,89.5
98,3,4.004,2.0,27.97,89.5
98,4,4.006,2.0,27.91,89.5
99,1,4.013,2.0,27.91,90.0
99,2,3.99,2.0,28.09,90.0
99,3,4.006,2.0,27.99,90.0
99,4,4.009,2.0,27.94,90.0
100,1,4.016,2.0,27.95,90.5
100,2,3.993,2.0,28.13,90.5
100,3,4.01,2.0,28.01,90.5
100,4,4.012,2.0,27.96,90.5
101,1,4.017,2.0,27.98,91.0
101,2,3.995,2.0,28.18,91.0
101,3,4.011,2.0,28.05,91.0
101,4,4.014,2.0,27.97,91.0
102,1,4.019,2.0,28.02,91.5
102,2,3.999,2.0,28.22,91.5
102,3,4.015,2.0,28.09,91.5
102,4,4.018,2.0,28.0,91.5
103,1,4.021,2.0,28.06,92.0
103,2,4.002,2.0,28.27,92.0
103,3,4.02,2.0,28.13,92.0
103,4,4.02,2.0,28.03,92.0
104,1,4.025,2.0,28.09,92.5
104,2,4.006,2.0,28.3,92.5
104,3,4.024,2.0,28.14,92.5
104,4,4.024,2.0,28.06,92.5
105,1,4.027,2.0,28.14,93.0
105,2,4.007,2.0,28.31,93.0
105,3,4.028,2.0,28.16,93.0
105,4,4.028,2.0,28.08,93.0
106,1,4.029,2.0,28.16,93.5
106,2,4.008,2.0,28.33,93.5
106,3,4.031,2.0,28.18,93.5
106,4,4.031,2.0,28.1,93.5
107,1,4.032,2.0,28.19,94.0
107,2,4.009,2.0,28.34,94.0
107,3,4.033,2.0,28.2,94.0
107,4,4.033,2.0,28.13,94.0
108,1,4.034,2.0,28.23,94.5
108,2,4.011,2.0,28.38,94.5
108,3,4.035,2.0,28.22,94.5
108,4,4.037,2.0,28.15,94.5
109,1,4.036,2.0,28.26,95.0
109,2,4.015,2.0,28.4,95.0
109,3,4.036,2.0,28.25,95.0
109,4,4.039,2.0,28.19,95.0
110,1,4.041,2.0,28.28,95.5
110,2,4.016,2.0,28.42,95.5
110,3,4.041,2.0,28.29,95.5
110,4,4.043,2.0,28.22,95.5
111,1,4.046,2.0,28.33,96.0
111,2,4.018,2.0,28.45,96.0
111,3,4.044,2.0,28.32,96.0
111,4,4.046,2.0,28.25,96.0
112,1,4.05,2.0,28.38,96.5
112,2,4.021,2.0,28.46,96.5
112,3,4.047,2.0,28.37,96.5
112,4,4.05,2.0,28.29,96.5
113,1,4.055,2.0,28.42,97.0
113,2,4.026,2.0,28.48,97.0
113,3,4.05,2.0,28.38,97.0
113,4,4.052,2.0,28.32,97.0
114,1,4.056,2.0,28.45,97.5
114,2,4.027,2.0,28.5,97.5
114,3,4.051,2.0,28.39,97.5
114,4,4.057,2.0,28.33,97.5
115,1,4.06,2.0,28.5,98.0
115,2,4.032,2.0,28.52,98.0
115,3,4.056,2.0,28.42,98.0
115,4,4.058,2.0,28.36,98.0
116,1,4.062,2.0,28.54,98.5
116,2,4.035,2.0,28.55,98.5
116,3,4.057,2.0,28.45,98.5
116,4,4.061,2.0,28.39,98.5
117,1,4.067,2.0,28.56,99.0
117,2,4.04,2.0,28.56,99.0
117,3,4.059,2.0,28.49,99.0
117,4,4.066,2.0,28.43,99.0
118,1,4.07,2.0,28.57,99.5
118,2,4.042,2.0,28.6,99.5
118,3,4.061,2.0,28.53,99.5
118,4,4.068,2.0,28.46,99.5
119,1,4.075,2.0,28.6,100.0
119,2,4.046,2.0,28.63,100.0
119,3,4.063,2.0,28.54,100.0
119,4,4.07,2.0,28.5,100.0
120,1,4.076,2.0,28.65,100.0
120,2,4.051,2.0,28.67,100.0
120,3,4.065,2.0,28.57,100.0
120,4,4.073,2.0,28.52,100.0
121,1,4.081,2.0,28.7,100.0
121,2,4.053,2.0,28.7,100.0
121,3,4.068,2.0,28.59,100.0
121,4,4.074,2.0,28.56,100.0
122,1,4.086,2.0,28.74,100.0
122,2,4.055,2.0,28.71,100.0
122,3,4.07,2.0,28.6,100.0
122,4,4.077,2.0,28.61,100.0
123,1,4.09,2.0,28.78,100.0
123,2,4.058,2.0,28.73,100.0
123,3,4.074,2.0,28.62,100.0
123,4,4.081,2.0,28.64,100.0
124,1,4.092,2.0,28.82,100.0
124,2,4.06,2.0,28.74,100.0
124,3,4.076,2.0,28.65,100.0
124,4,4.084,2.0,28.66,100.0
125,1,4.093,2.0,28.86,100.0
125,2,4.062,2.0,28.76,100.0
125,3,4.081,2.0,28.66,100.0
125,4,4.087,2.0,28.68,100.0
126,1,4.094,2.0,28.9,100.0
126,2,4.064,2.0,28.79,100.0
126,3,4.083,2.0,28.68,100.0
126,4,4.088,2.0,28.72,100.0
127,1,4.096,2.0,28.94,100.0
127,2,4.069,2.0,28.84,100.0
127,3,4.085,2.0,28.7,100.0
127,4,4.089,2.0,28.75,100.0
128,1,4.099,2.0,28.95,100.0
128,2,4.072,2.0,28.87,100.0
128,3,4.088,2.0,28.73,100.0
128,4,4.092,2.0,28.79,100.0
129,1,4.101,2.0,28.96,100.0
129,2,4.075,2.0,28.91,100.0
129,3,4.09,2.0,28.78,100.0
129,4,4.096,2.0,28.8,100.0
130,1,4.102,2.0,29.0,100.0
130,2,4.078,2.0,28.92,100.0
130,3,4.095,2.0,28.82,100.0
130,4,4.098,2.0,28.85,100.0
131,1,4.105,2.0,29.03,100.0
131,2,4.083,2.0,28.97,100.0
131,3,4.098,2.0,28.85,100.0
131,4,4.1,2.0,28.9,100.0
132,1,4.106,2.0,29.07,100.0
132,2,4.087,2.0,28.98,100.0
132,3,4.101,2.0,28.87,100.0
132,4,4.102,2.0,28.91,100.0
133,1,4.108,2.0,29.09,100.0
133,2,4.089,2.0,29.02,100.0
133,3,4.103,2.0,28.91,100.0
133,4,4.104,2.0,28.95,100.0
134,1,4.11,2.0,29.13,100.0
134,2,4.091,2.0,29.04,100.0
134,3,4.105,2.0,28.93,100.0
134,4,4.108,2.0,28.97,100.0
135,1,4.112,2.0,29.18,100.0
135,2,4.094,2.0,29.07,100.0
135,3,4.106,2.0,28.94,100.0
135,4,4.112,2.0,28.99,100.0
136,1,4.117,2.0,29.2,100.0
136,2,4.096,2.0,29.12,100.0
136,3,4.108,2.0,28.98,100.0
136,4,4.115,2.0,29.0,100.0
137,1,4.119,2.0,29.24,100.0
137,2,4.099,2.0,29.16,100.0
137,3,4.113,2.0,29.0,100.0
137,4,4.117,2.0,29.03,100.0
138,1,4.122,2.0,29.28,100.0
138,2,4.101,2.0,29.19,100.0
138,3,4.116,2.0,29.04,100.0
138,4,4.122,2.0,29.06,100.0
139,1,4.124,2.0,29.31,100.0
139,2,4.103,2.0,29.23,100.0
139,3,4.12,2.0,29.09,100.0
139,4,4.124,2.0,29.08,100.0
140,1,4.127,2.0,29.32,100.0
140,2,4.106,2.0,29.25,100.0
140,3,4.124,2.0,29.1,100.0
140,4,4.126,2.0,29.13,100.0
141,1,4.13,2.0,29.37,100.0
141,2,4.109,2.0,29.29,100.0
141,3,4.126,2.0,29.13,100.0
141,4,4.128,2.0,29.14,100.0
142,1,4.132,2.0,29.41,100.0
142,2,4.113,2.0,29.3,100.0
142,3,4.128,2.0,29.18,100.0
142,4,4.132,2.0,29.17,100.0
143,1,4.134,2.0,29.45,100.0
143,2,4.116,2.0,29.31,100.0
143,3,4.131,2.0,29.2,100.0
143,4,4.135,2.0,29.19,100.0
144,1,4.136,2.0,29.49,100.0
144,2,4.121,2.0,29.33,100.0
144,3,4.136,2.0,29.24,100.0
144,4,4.138,2.0,29.23,100.0
145,1,4.139,2.0,29.51,100.0
145,2,4.124,2.0,29.36,100.0
145,3,4.139,2.0,29.27,100.0
145,4,4.14,2.0,29.25,100.0
146,1,4.144,2.0,29.54,100.0
146,2,4.127,2.0,29.4,100.0
146,3,4.142,2.0,29.31,100.0
146,4,4.141,2.0,29.27,100.0
147,1,4.147,2.0,29.56,100.0
147,2,4.132,2.0,29.43,100.0
147,3,4.146,2.0,29.33,100.0
147,4,4.143,2.0,29.31,100.0
148,1,4.149,2.0,29.6,100.0
148,2,4.135,2.0,29.46,100.0
148,3,4.147,2.0,29.37,100.0
148,4,4.146,2.0,29.34,100.0
149,1,4.152,2.0,29.63,100.0
149,2,4.137,2.0,29.48,100.0
149,3,4.151,2.0,29.39,100.0
149,4,4.148,2.0,29.38,100.0
150,1,4.155,2.0,29.68,100.0
150,2,4.141,2.0,29.52,100.0
150,3,4.155,2.0,29.42,100.0
150,4,4.15,2.0,29.41,100.0
151,1,4.157,2.0,29.72,100.0
151,2,4.144,2.0,29.56,100.0
151,3,4.157,2.0,29.44,100.0
151,4,4.153,2.0,29.45,100.0
152,1,4.159,2.0,29.74,100.0
152,2,4.148,2.0,29.6,100.0
152,3,4.161,2.0,29.46,100.0
152,4,4.154,2.0,29.49,100.0
153,1,4.162,2.0,29.76,100.0
153,2,4.15,2.0,29.63,100.0
153,3,4.166,2.0,29.49,100.0
153,4,4.158,2.0,29.51,100.0
154,1,4.165,2.0,29.79,100.0
154,2,4.153,2.0,29.66,100.0
154,3,4.171,2.0,29.54,100.0
154,4,4.16,2.0,29.55,100.0
155,1,4.166,2.0,29.84,100.0
155,2,4.157,2.0,29.69,100.0
155,3,4.174,2.0,29.58,100.0
155,4,4.161,2.0,29.58,100.0
156,1,4.169,2.0,29.88,100.0
156,2,4.162,2.0,29.72,100.0
156,3,4.176,2.0,29.62,100.0
156,4,4.164,2.0,29.63,100.0
157,1,4.174,2.0,29.9,100.0
157,2,4.163,2.0,29.76,100.0
157,3,4.18,2.0,29.66,100.0
157,4,4.166,2.0,29.67,100.0
158,1,4.179,2.0,29.91,100.0
158,2,4.166,2.0,29.77,100.0
158,3,4.184,2.0,29.7,100.0
158,4,4.171,2.0,29.7,100.0
159,1,4.182,2.0,29.94,100.0
159,2,4.168,2.0,29.79,100.0
159,3,4.188,2.0,29.71,100.0
159,4,4.174,2.0,29.74,100.0
160,1,4.186,2.0,29.99,100.0
160,2,4.171,2.0,29.82,100.0
160,3,4.19,2.0,29.75,100.0
160,4,4.176,2.0,29.78,100.0
161,1,4.187,2.0,30.03,100.0
161,2,4.172,2.0,29.84,100.0
161,3,4.193,2.0,29.77,100.0
161,4,4.181,2.0,29.8,100.0
162,1,4.192,2.0,30.08,100.0
162,2,4.174,2.0,29.87,100.0
162,3,4.195,2.0,29.81,100.0
162,4,4.185,2.0,29.83,100.0
163,1,4.196,2.0,30.12,100.0
163,2,4.175,2.0,29.92,100.0
163,3,4.2,2.0,29.83,100.0
163,4,4.186,2.0,29.86,100.0
164,1,4.198,2.0,30.14,100.0
164,2,4.178,2.0,29.94,100.0
164,3,4.2,2.0,29.87,100.0
164,4,4.19,2.0,29.9,100.0
165,1,4.2,2.0,30.17,100.0
165,2,4.181,2.0,29.96,100.0
165,3,4.2,2.0,29.88,100.0
165,4,4.192,2.0,29.93,100.0
166,1,4.2,2.0,30.2,100.0
166,2,4.182,2.0,30.0,100.0
166,3,4.2,2.0,29.91,100.0
166,4,4.193,2.0,29.98,100.0
167,1,4.2,2.0,30.21,100.0
167,2,4.186,2.0,30.04,100.0
167,3,4.2,2.0,29.95,100.0
167,4,4.195,2.0,30.0,100.0
168,1,4.2,2.0,30.26,100.0
168,2,4.189,2.0,30.07,100.0
168,3,4.2,2.0,29.99,100.0
168,4,4.199,2.0,30.02,100.0
169,1,4.2,2.0,30.31,100.0
169,2,4.19,2.0,30.11,100.0
169,3,4.2,2.0,30.01,100.0
169,4,4.2,2.0,30.06,100.0
170,1,4.2,2.0,30.35,100.0
170,2,4.193,2.0,30.16,100.0
170,3,4.2,2.0,30.04,100.0
170,4,4.2,2.0,30.1,100.0
171,1,4.2,2.0,30.39,100.0
171,2,4.195,2.0,30.17,100.0
171,3,4.2,2.0,30.07,100.0
171,4,4.2,2.0,30.13,100.0
172,1,4.2,2.0,30.4,100.0
172,2,4.196,2.0,30.21,100.0
172,3,4.2,2.0,30.09,100.0
172,4,4.2,2.0,30.17,100.0
173,1,4.2,2.0,30.41,100.0
173,2,4.199,2.0,30.22,100.0
173,3,4.2,2.0,30.12,100.0
173,4,4.2,2.0,30.18,100.0
174,1,4.2,2.0,30.43,100.0
174,2,4.2,2.0,30.23,100.0
174,3,4.2,2.0,30.17,100.0
174,4,4.2,2.0,30.22,100.0
175,1,4.2,2.0,30.46,100.0
175,2,4.2,2.0,30.26,100.0
175,3,4.2,2.0,30.2,100.0
175,4,4.2,2.0,30.25,100.0
176,1,4.2,2.0,30.49,100.0
176,2,4.2,2.0,30.31,100.0
176,3,4.2,2.0,30.23,100.0
176,4,4.2,2.0,30.28,100.0
177,1,4.2,2.0,30.5,100.0
177,2,4.2,2.0,30.34,100.0
177,3,4.2,2.0,30.25,100.0
177,4,4.2,2.0,30.31,100.0
178,1,4.2,2.0,30.51,100.0
178,2,4.2,2.0,30.36,100.0
178,3,4.2,2.0,30.3,100.0
178,4,4.2,2.0,30.33,100.0
179,1,4.2,2.0,30.53,100.0
179,2,4.2,2.0,30.38,100.0
179,3,4.2,2.0,30.33,100.0
179,4,4.2,2.0,30.36,100.0
180,1,4.2,2.0,30.55,100.0
180,2,4.2,2.0,30.4,100.0
180,3,4.2,2.0,30.36,100.0
180,4,4.2,2.0,30.41,100.0
181,1,4.2,2.0,30.56,100.0
181,2,4.2,2.0,30.42,100.0
181,3,4.2,2.0,30.41,100.0
181,4,4.2,2.0,30.44,100.0
182,1,4.2,2.0,30.59,100.0
182,2,4.2,2.0,30.46,100.0
182,3,4.2,2.0,30.45,100.0
182,4,4.2,2.0,30.47,100.0
183,1,4.2,2.0,30.63,100.0
183,2,4.2,2.0,30.49,100.0
183,3,4.2,2.0,30.48,100.0
183,4,4.2,2.0,30.48,100.0
184,1,4.2,2.0,30.67,100.0
184,2,4.2,2.0,30.51,100.0
184,3,4.2,2.0,30.51,100.0
184,4,4.2,2.0,30.5,100.0
185,1,4.2,2.0,30.69,100.0
185,2,4.2,2.0,30.55,100.0
185,3,4.2,2.0,30.52,100.0
185,4,4.2,2.0,30.52,100.0
186,1,4.2,2.0,30.72,100.0
186,2,4.2,2.0,30.57,100.0
186,3,4.2,2.0,30.53,100.0
186,4,4.2,2.0,30.57,100.0
187,1,4.2,2.0,30.73,100.0
187,2,4.2,2.0,30.61,100.0
187,3,4.2,2.0,30.55,100.0
187,4,4.2,2.0,30.59,100.0
188,1,4.2,2.0,30.78,100.0
188,2,4.2,2.0,30.63,100.0
188,3,4.2,2.0,30.59,100.0
188,4,4.2,2.0,30.62,100.0
189,1,4.2,2.0,30.81,100.0
189,2,4.2,2.0,30.66,100.0
189,3,4.2,2.0,30.63,100.0
189,4,4.2,2.0,30.64,100.0
190,1,4.2,2.0,30.82,100.0
190,2,4.2,2.0,30.71,100.0
190,3,4.2,2.0,30.64,100.0
190,4,4.2,2.0,30.68,100.0
191,1,4.2,2.0,30.84,100.0
191,2,4.2,2.0,30.75,100.0
191,3,4.2,2.0,30.66,100.0
191,4,4.2,2.0,30.69,100.0
192,1,4.2,2.0,30.88,100.0
192,2,4.2,2.0,30.78,100.0
192,3,4.2,2.0,30.69,100.0
192,4,4.2,2.0,30.71,100.0
193,1,4.2,2.0,30.89,100.0
193,2,4.2,2.0,30.82,100.0
193,3,4.2,2.0,30.72,100.0
193,4,4.2,2.0,30.73,100.0
194,1,4.2,2.0,30.92,100.0
194,2,4.2,2.0,30.86,100.0
194,3,4.2,2.0,30.76,100.0
194,4,4.2,2.0,30.75,100.0
195,1,4.2,2.0,30.95,100.0
195,2,4.2,2.0,30.91,100.0
195,3,4.2,2.0,30.8,100.0
195,4,4.2,2.0,30.77,100.0
196,1,4.2,2.0,30.97,100.0
196,2,4.2,2.0,30.92,100.0
196,3,4.2,2.0,30.82,100.0
196,4,4.2,2.0,30.82,100.0
197,1,4.2,2.0,30.99,100.0
197,2,4.2,2.0,30.97,100.0
197,3,4.2,2.0,30.86,100.0
197,4,4.2,2.0,30.86,100.0
198,1,4.2,2.0,31.01,100.0
198,2,4.2,2.0,30.99,100.0
198,3,4.2,2.0,30.89,100.0
198,4,4.2,2.0,30.89,100.0
199,1,4.2,2.0,31.06,100.0
199,2,4.2,2.0,31.0,100.0
199,3,4.2,2.0,30.92,100.0
199,4,4.2,2.0,30.92,100.0
