Time (s),Cell,Voltage (V),Current (A),Temperature (°C),SoC (%),Internal Resistance (Ω),Temperature Difference (°C),Temperature Rate (°C/s),Voltage Deviation (V),Resistance Deviation (Ω),Anomaly Prediction,Anomaly Score,Status
0,1,3.703,2.0,25.03,40.5,0.05,0.0,0.0,0.0,0.0,-1,-0.039066038743972076,Anomaly
1,1,3.705,2.0,25.05,41.0,0.05,0.0,0.02,0.0,0.0,1,0.10258961947413575,Normal
2,1,3.706,2.0,25.07,41.5,0.05,0.0,0.02,-0.001,0.0,1,0.10795989439360854,Normal
3,1,3.709,2.0,25.09,42.0,0.05,0.0,0.02,-0.001,0.0,1,0.11452586652201091,Normal
4,1,3.712,2.0,25.12,42.5,0.05,0.01,0.03,-0.001,0.0,1,0.08566044693664249,Normal
5,1,3.714,2.0,25.14,43.0,0.05,0.01,0.02,-0.001,0.0,1,0.11251094261730848,Normal
6,1,3.716,2.0,25.15,43.5,0.05,0.0,0.01,-0.002,0.0,1,0.04746712403643216,Normal
7,1,3.718,2.0,25.17,44.0,0.05,-0.01,0.02,-0.004,0.0,1,0.10279940001060445,Normal
8,1,3.722,2.0,25.2,44.5,0.05,0.01,0.03,-0.001,0.0,1,0.103337118995459,Normal
9,1,3.724,2.0,25.22,45.0,0.05,0.0,0.02,-0.003,0.0,1,0.12546321114996933,Normal
10,1,3.727,2.0,25.25,45.5,0.05,0.01,0.03,-0.002,0.0,1,0.10899722242906607,Normal
11,1,3.73,2.0,25.27,46.0,0.05,0.0,0.02,-0.002,0.0,1,0.14179380308634848,Normal
12,1,3.732,2.0,25.29,46.5,0.05,0.0,0.02,-0.001,0.0,1,0.14634583819367342,Normal
13,1,3.734,2.0,25.31,47.0,0.05,-0.01,0.02,0.0,0.0,1,0.14431987444473876,Normal
14,1,3.735,2.0,25.33,47.5,0.05,-0.01,0.02,-0.001,0.0,1,0.14892057315125729,Normal
15,1,3.737,2.0,25.36,48.0,0.05,0.0,0.03,-0.003,0.0,1,0.1178243868429435,Normal
16,1,3.741,2.0,25.38,48.5,0.05,0.0,0.02,0.0,0.0,1,0.1527816802631597,Normal
17,1,3.742,2.0,25.4,49.0,0.05,0.0,0.02,-0.001,0.0,1,0.1528157920585867,Normal
18,1,3.745,2.0,25.42,49.5,0.05,0.0,0.02,-0.002,0.0,1,0.14890307920492457,Normal
19,1,3.748,2.0,25.44,50.0,0.05,0.0,0.02,-0.001,0.0,1,0.15280572471397103,Normal
20,1,3.749,2.0,25.47,50.5,0.05,0.0,0.03,-0.002,0.0,1,0.12599724826538206,Normal
21,1,3.753,2.0,25.5,51.0,0.05,0.01,0.03,-0.002,0.0,1,0.1256119543964085,Normal
22,1,3.755,2.0,25.52,51.5,0.05,0.01,0.02,-0.001,0.0,1,0.14510793658798726,Normal
23,1,3.757,2.0,25.53,52.0,0.05,-0.01,0.01,-0.001,0.0,1,0.06134225284154926,Normal
24,1,3.76,2.0,25.56,52.5,0.05,0.0,0.03,0.001,0.0,1,0.1327032999801137,Normal
25,1,3.763,2.0,25.58,53.0,0.05,0.0,0.02,0.002,0.0,1,0.1486096444447203,Normal
26,1,3.766,2.0,25.6,53.5,0.05,-0.01,0.02,0.003,0.0,1,0.14779159583744467,Normal
27,1,3.768,2.0,25.62,54.0,0.05,0.0,0.02,0.002,0.0,1,0.14903584444712598,Normal
28,1,3.77,2.0,25.64,54.5,0.05,-0.01,0.02,0.002,0.0,1,0.14962921142380786,Normal
29,1,3.774,2.0,25.66,55.0,0.05,-0.02,0.02,0.003,0.0,1,0.1424777363084691,Normal
30,1,3.778,2.0,25.69,55.5,0.05,0.0,0.03,0.005,0.0,1,0.12920325501618152,Normal
31,1,3.78,2.0,25.71,56.0,0.05,0.0,0.02,0.006,0.0,1,0.13241485259839075,Normal
32,1,3.782,2.0,25.73,56.5,0.05,-0.01,0.02,0.006,0.0,1,0.13621509751595517,Normal
33,1,3.784,2.0,25.76,57.0,0.05,0.0,0.03,0.005,0.0,1,0.13170293581038445,Normal
34,1,3.788,2.0,25.78,57.5,0.05,-0.01,0.02,0.007,0.0,1,0.13010781064043397,Normal
35,1,3.79,2.0,25.79,58.0,0.05,-0.02,0.01,0.005,0.0,1,0.06168095454825828,Normal
36,1,3.793,2.0,25.82,58.5,0.05,-0.02,0.03,0.006,0.0,1,0.12043488082737319,Normal
37,1,3.794,2.0,25.84,59.0,0.05,-0.02,0.02,0.004,0.0,1,0.14942685986163445,Normal
38,1,3.795,2.0,25.87,59.5,0.05,-0.02,0.03,0.002,0.0,1,0.13009669500235999,Normal
39,1,3.799,2.0,25.89,60.0,0.05,-0.03,0.02,0.005,0.0,1,0.14724967572734,Normal
40,1,3.802,2.0,25.9,60.5,0.05,-0.04,0.01,0.006,0.0,1,0.05089615559828542,Normal
41,1,3.803,2.0,25.93,61.0,0.05,-0.03,0.03,0.005,0.0,1,0.1285250222897481,Normal
42,1,3.805,2.0,25.96,61.5,0.05,-0.03,0.03,0.006,0.0,1,0.1282990367122362,Normal
43,1,3.808,2.0,25.98,62.0,0.05,-0.02,0.02,0.006,0.0,1,0.14075791869084225,Normal
44,1,3.809,2.0,26.0,62.5,0.05,-0.03,0.02,0.004,0.0,1,0.14914004498451044,Normal
45,1,3.812,2.0,26.03,63.0,0.05,-0.03,0.03,0.003,0.0,1,0.13539920660689087,Normal
46,1,3.815,2.0,26.04,63.5,0.05,-0.03,0.01,0.005,0.0,1,0.06506990371726418,Normal
47,1,3.817,2.0,26.06,64.0,0.05,-0.03,0.02,0.006,0.0,1,0.14159995713516177,Normal
48,1,3.819,2.0,26.08,64.5,0.05,-0.03,0.02,0.006,0.0,1,0.14274322635072778,Normal
49,1,3.82,2.0,26.11,65.0,0.05,-0.03,0.03,0.004,0.0,1,0.13823905328587555,Normal
50,1,3.822,2.0,26.13,65.5,0.05,-0.03,0.02,0.004,0.0,1,0.15468561456108448,Normal
51,1,3.824,2.0,26.15,66.0,0.05,-0.04,0.02,0.004,0.0,1,0.14583350556648145,Normal
52,1,3.825,2.0,26.17,66.5,0.05,-0.04,0.02,0.003,0.0,1,0.1427186388543088,Normal
53,1,3.828,2.0,26.2,67.0,0.05,-0.03,0.03,0.003,0.0,1,0.13745269762832535,Normal
54,1,3.83,2.0,26.22,67.5,0.05,-0.03,0.02,0.002,0.0,1,0.1497944965435567,Normal
55,1,3.834,2.0,26.24,68.0,0.05,-0.03,0.02,0.002,0.0,1,0.15258354059379875,Normal
56,1,3.838,2.0,26.26,68.5,0.05,-0.02,0.02,0.002,0.0,1,0.15373691752575191,Normal
57,1,3.84,2.0,26.28,69.0,0.05,-0.03,0.02,0.001,0.0,1,0.1501781565916228,Normal
58,1,3.843,2.0,26.31,69.5,0.05,-0.02,0.03,0.001,0.0,1,0.13960489194902692,Normal
59,1,3.847,2.0,26.34,70.0,0.05,-0.02,0.03,0.002,0.0,1,0.14264151983856993,Normal
60,1,3.851,2.0,26.37,70.5,0.05,-0.02,0.03,0.002,0.0,1,0.14193437402507175,Normal
61,1,3.852,2.0,26.39,71.0,0.05,-0.01,0.02,0.001,0.0,1,0.15089825866684137,Normal
62,1,3.855,2.0,26.4,71.5,0.05,-0.03,0.01,0.003,0.0,1,0.06797348547102311,Normal
63,1,3.856,2.0,26.43,72.0,0.05,-0.02,0.03,0.001,0.0,1,0.13807067776588022,Normal
64,1,3.859,2.0,26.45,72.5,0.05,-0.02,0.02,0.003,0.0,1,0.15402478381119505,Normal
65,1,3.862,2.0,26.47,73.0,0.05,-0.03,0.02,0.004,0.0,1,0.15466710659893013,Normal
66,1,3.864,2.0,26.49,73.5,0.05,-0.04,0.02,0.002,0.0,1,0.14177927642638838,Normal
67,1,3.868,2.0,26.52,74.0,0.05,-0.03,0.03,0.003,0.0,1,0.13836347999580562,Normal
68,1,3.87,2.0,26.54,74.5,0.05,-0.04,0.02,0.002,0.0,1,0.14416562457505344,Normal
69,1,3.874,2.0,26.56,75.0,0.05,-0.04,0.02,0.003,0.0,1,0.14980734340276664,Normal
70,1,3.875,2.0,26.58,75.5,0.05,-0.05,0.02,0.001,0.0,1,0.13365489875210246,Normal
71,1,3.879,2.0,26.6,76.0,0.05,-0.05,0.02,0.004,0.0,1,0.14963695347986583,Normal
72,1,3.881,2.0,26.63,76.5,0.05,-0.04,0.03,0.004,0.0,1,0.13698774143414694,Normal
73,1,3.884,2.0,26.65,77.0,0.05,-0.05,0.02,0.003,0.0,1,0.14865878724875609,Normal
74,1,3.888,2.0,26.68,77.5,0.05,-0.04,0.03,0.004,0.0,1,0.13874458504982629,Normal
75,1,3.891,2.0,26.7,78.0,0.05,-0.04,0.02,0.004,0.0,1,0.15390627718734995,Normal
76,1,3.892,2.0,26.72,78.5,0.05,-0.04,0.02,0.004,0.0,1,0.15323092181449155,Normal
77,1,3.896,2.0,26.73,79.0,0.05,-0.06,0.01,0.006,0.0,1,0.04087697337191554,Normal
78,1,3.898,2.0,26.76,79.5,0.05,-0.06,0.03,0.006,0.0,1,0.12636982066233488,Normal
79,1,3.9,2.0,26.79,80.0,0.05,-0.05,0.03,0.006,0.0,1,0.13332320640183493,Normal
80,1,3.903,2.0,26.81,80.5,0.05,-0.04,0.02,0.006,0.0,1,0.15068381168434608,Normal
81,1,3.904,2.0,26.83,81.0,0.05,-0.04,0.02,0.003,0.0,1,0.1471108761128872,Normal
82,1,3.906,2.0,26.85,81.5,0.05,-0.04,0.02,0.004,0.0,1,0.14718635160049998,Normal
83,1,3.908,2.0,26.87,82.0,0.05,-0.04,0.02,0.004,0.0,1,0.14747843071767952,Normal
84,1,3.91,2.0,26.89,82.5,0.05,-0.05,0.02,0.003,0.0,1,0.1409514622851457,Normal
85,1,3.913,2.0,26.91,83.0,0.05,-0.06,0.02,0.004,0.0,1,0.13257110404530065,Normal
86,1,3.916,2.0,26.93,83.5,0.05,-0.06,0.02,0.005,0.0,1,0.1307596381341115,Normal
87,1,3.919,2.0,26.96,84.0,0.05,-0.05,0.03,0.006,0.0,1,0.13319701183639543,Normal
88,1,3.921,2.0,26.98,84.5,0.05,-0.05,0.02,0.007,0.0,1,0.13963871759860041,Normal
89,1,3.923,2.0,27.0,85.0,0.05,-0.06,0.02,0.007,0.0,1,0.12900989753060238,Normal
90,1,3.926,2.0,27.03,85.5,0.05,-0.06,0.03,0.009,0.0,1,0.12844798505864152,Normal
91,1,3.928,2.0,27.05,86.0,0.05,-0.07,0.02,0.01,0.0,1,0.119609908485874,Normal
92,1,3.931,2.0,27.07,86.5,0.05,-0.09,0.02,0.011,0.0,1,0.10704719655200223,Normal
93,1,3.934,2.0,27.09,87.0,0.05,-0.09,0.02,0.011,0.0,1,0.10551873437282266,Normal
94,1,3.937,2.0,27.12,87.5,0.05,-0.09,0.03,0.013,0.0,1,0.10925043900041204,Normal
95,1,3.94,2.0,27.15,88.0,0.05,-0.09,0.03,0.015,0.0,1,0.09916386239012753,Normal
96,1,3.942,2.0,27.17,88.5,0.05,-0.1,0.02,0.013,0.0,1,0.1016423124387969,Normal
97,1,3.944,2.0,27.19,89.0,0.05,-0.1,0.02,0.014,0.0,1,0.09399637175271075,Normal
98,1,3.945,2.0,27.21,89.5,0.05,-0.11,0.02,0.013,0.0,1,0.09741050721081834,Normal
99,1,3.947,2.0,27.24,90.0,0.05,-0.12,0.03,0.012,0.0,1,0.10747194332742327,Normal
100,1,3.949,2.0,27.26,90.5,0.05,-0.12,0.02,0.011,0.0,1,0.10147872781320072,Normal
101,1,3.951,2.0,27.28,91.0,0.05,-0.14,0.02,0.011,0.0,1,0.09833891959221974,Normal
102,1,3.952,2.0,27.3,91.5,0.05,-0.16,0.02,0.009,0.0,1,0.1002871474750826,Normal
103,1,3.955,2.0,27.32,92.0,0.05,-0.17,0.02,0.009,0.0,1,0.10105869084017965,Normal
104,1,3.959,2.0,27.34,92.5,0.05,-0.18,0.02,0.01,0.0,1,0.09912877612640064,Normal
105,1,3.96,2.0,27.37,93.0,0.05,-0.18,0.03,0.008,0.0,1,0.1030944245693135,Normal
106,1,3.963,2.0,27.39,93.5,0.05,-0.2,0.02,0.009,0.0,1,0.09382452248754247,Normal
107,1,3.964,2.0,27.42,94.0,0.05,-0.21,0.03,0.007,0.0,1,0.09619560456723131,Normal
108,1,3.968,2.0,27.45,94.5,0.05,-0.21,0.03,0.009,0.0,1,0.10140310691155047,Normal
109,1,3.969,2.0,27.47,95.0,0.05,-0.23,0.02,0.007,0.0,1,0.07933841506061112,Normal
110,1,3.97,2.0,27.49,95.5,0.05,-0.24,0.02,0.007,0.0,1,0.07578837786177345,Normal
111,1,3.974,2.0,27.52,96.0,0.05,-0.24,0.03,0.01,0.0,1,0.10645612561016948,Normal
112,1,3.975,2.0,27.55,96.5,0.05,-0.24,0.03,0.01,0.0,1,0.1054759439971622,Normal
113,1,3.978,2.0,27.57,97.0,0.05,-0.24,0.02,0.011,0.0,1,0.08187637485134724,Normal
114,1,3.981,2.0,27.6,97.5,0.05,-0.24,0.03,0.013,0.0,1,0.10990137442493858,Normal
115,1,3.984,2.0,27.62,98.0,0.05,-0.24,0.02,0.013,0.0,1,0.07434950184872824,Normal
116,1,3.987,2.0,27.65,98.5,0.05,-0.25,0.03,0.012,0.0,1,0.11031897367897397,Normal
117,1,3.989,2.0,27.68,99.0,0.05,-0.25,0.03,0.011,0.0,1,0.11232039097052832,Normal
118,1,3.991,2.0,27.7,99.5,0.05,-0.27,0.02,0.01,0.0,1,0.0793072152749768,Normal
119,1,3.993,2.0,27.72,100.0,0.05,-0.28,0.02,0.008,0.0,1,0.06539590641455051,Normal
120,1,3.996,2.0,27.75,100.0,0.05,-0.29,0.03,0.01,0.0,1,0.09801646963939731,Normal
121,1,4.0,2.0,27.78,100.0,0.05,-0.3,0.03,0.013,0.0,1,0.09705506832628702,Normal
122,1,4.002,2.0,27.81,100.0,0.05,-0.3,0.03,0.013,0.0,1,0.09643402611058588,Normal
123,1,4.003,2.0,27.83,100.0,0.05,-0.31,0.02,0.012,0.0,1,0.06676554539749002,Normal
124,1,4.005,2.0,27.86,100.0,0.05,-0.31,0.03,0.012,0.0,1,0.10428282820031898,Normal
125,1,4.007,2.0,27.88,100.0,0.05,-0.32,0.02,0.012,0.0,1,0.06544352166330658,Normal
126,1,4.01,2.0,27.91,100.0,0.05,-0.32,0.03,0.012,0.0,1,0.10512962411555049,Normal
127,1,4.011,2.0,27.94,100.0,0.05,-0.33,0.03,0.012,0.0,1,0.10148420352877441,Normal
128,1,4.014,2.0,27.96,100.0,0.05,-0.34,0.02,0.012,0.0,1,0.05856934984319129,Normal
129,1,4.016,2.0,27.99,100.0,0.05,-0.35,0.03,0.011,0.0,1,0.09566895274023912,Normal
130,1,4.019,2.0,28.02,100.0,0.05,-0.34,0.03,0.01,0.0,1,0.0932932866366204,Normal
131,1,4.021,2.0,28.05,100.0,0.05,-0.34,0.03,0.011,0.0,1,0.09829680579970024,Normal
132,1,4.024,2.0,28.08,100.0,0.05,-0.35,0.03,0.013,0.0,1,0.0944774715956524,Normal
133,1,4.025,2.0,28.11,100.0,0.05,-0.35,0.03,0.012,0.0,1,0.10167119846994893,Normal
134,1,4.028,2.0,28.13,100.0,0.05,-0.37,0.02,0.012,0.0,1,0.0601548102727506,Normal
135,1,4.029,2.0,28.16,100.0,0.05,-0.38,0.03,0.011,0.0,1,0.09491191084686662,Normal
136,1,4.032,2.0,28.19,100.0,0.05,-0.37,0.03,0.012,0.0,1,0.10319579699913056,Normal
137,1,4.034,2.0,28.21,100.0,0.05,-0.38,0.02,0.01,0.0,1,0.05674933078193101,Normal
138,1,4.037,2.0,28.24,100.0,0.05,-0.38,0.03,0.01,0.0,1,0.09760411848610384,Normal
139,1,4.039,2.0,28.27,100.0,0.05,-0.38,0.03,0.01,0.0,1,0.09768793837896683,Normal
140,1,4.041,2.0,28.29,100.0,0.05,-0.4,0.02,0.008,0.0,1,0.04421153813482104,Normal
141,1,4.045,2.0,28.33,100.0,0.05,-0.4,0.04,0.011,0.0,1,0.022569608018129017,Normal
142,1,4.047,2.0,28.35,100.0,0.05,-0.41,0.02,0.011,0.0,1,0.06178237904929473,Normal
143,1,4.05,2.0,28.37,100.0,0.05,-0.43,0.02,0.012,0.0,1,0.06043668672553759,Normal
144,1,4.053,2.0,28.4,100.0,0.05,-0.44,0.03,0.011,0.0,1,0.0992227253426134,Normal
145,1,4.055,2.0,28.42,100.0,0.05,-0.45,0.02,0.011,0.0,1,0.053365212000673345,Normal
146,1,4.057,2.0,28.45,100.0,0.05,-0.45,0.03,0.011,0.0,1,0.09709472688874016,Normal
147,1,4.059,2.0,28.48,100.0,0.05,-0.45,0.03,0.012,0.0,1,0.10009480267625465,Normal
148,1,4.061,2.0,28.5,100.0,0.05,-0.46,0.02,0.011,0.0,1,0.05206597422476278,Normal
149,1,4.064,2.0,28.53,100.0,0.05,-0.47,0.03,0.013,0.0,1,0.09475010417973839,Normal
150,1,4.066,2.0,28.56,100.0,0.05,-0.47,0.03,0.013,0.0,1,0.09472900204284279,Normal
151,1,4.068,2.0,28.59,100.0,0.05,-0.48,0.03,0.012,0.0,1,0.09733146343263088,Normal
152,1,4.071,2.0,28.63,100.0,0.05,-0.47,0.04,0.014,0.0,1,0.012390357534186713,Normal
153,1,4.072,2.0,28.65,100.0,0.05,-0.48,0.02,0.012,0.0,1,0.042901725979874406,Normal
154,1,4.075,2.0,28.67,100.0,0.05,-0.5,0.02,0.013,0.0,1,0.03186967175336353,Normal
155,1,4.079,2.0,28.7,100.0,0.05,-0.5,0.03,0.015,0.0,1,0.06763566913315633,Normal
156,1,4.081,2.0,28.73,100.0,0.05,-0.5,0.03,0.015,0.0,1,0.06701606590165277,Normal
157,1,4.085,2.0,28.76,100.0,0.05,-0.5,0.03,0.016,0.0,1,0.06329474462522366,Normal
158,1,4.086,2.0,28.79,100.0,0.05,-0.5,0.03,0.013,0.0,1,0.09141390246499864,Normal
159,1,4.088,2.0,28.81,100.0,0.05,-0.5,0.02,0.012,0.0,1,0.03671420335097486,Normal
160,1,4.09,2.0,28.84,100.0,0.05,-0.5,0.03,0.012,0.0,1,0.094595368976303,Normal
161,1,4.094,2.0,28.87,100.0,0.05,-0.5,0.03,0.013,0.0,1,0.09279131860309736,Normal
162,1,4.098,2.0,28.9,100.0,0.05,-0.51,0.03,0.013,0.0,1,0.08992400235342546,Normal
163,1,4.099,2.0,28.93,100.0,0.05,-0.52,0.03,0.011,0.0,1,0.09344154820681927,Normal
164,1,4.1,2.0,28.96,100.0,0.05,-0.53,0.03,0.009,0.0,1,0.07402293852468894,Normal
165,1,4.104,2.0,28.99,100.0,0.05,-0.53,0.03,0.011,0.0,1,0.09145738837302309,Normal
166,1,4.107,2.0,29.02,100.0,0.05,-0.53,0.03,0.01,0.0,1,0.08681279321010771,Normal
167,1,4.108,2.0,29.04,100.0,0.05,-0.54,0.02,0.009,0.0,1,0.013679781783793143,Normal
168,1,4.11,2.0,29.08,100.0,0.05,-0.54,0.04,0.008,0.0,-1,-0.004958795879804967,Anomaly
169,1,4.113,2.0,29.12,100.0,0.05,-0.54,0.04,0.008,0.0,-1,-0.008843326464910706,Anomaly
170,1,4.116,2.0,29.15,100.0,0.05,-0.54,0.03,0.009,0.0,1,0.06959572508901213,Normal
171,1,4.119,2.0,29.18,100.0,0.05,-0.55,0.03,0.01,0.0,1,0.08069480142495411,Normal
172,1,4.123,2.0,29.21,100.0,0.05,-0.56,0.03,0.01,0.0,1,0.07526972197503679,Normal
173,1,4.127,2.0,29.23,100.0,0.05,-0.58,0.02,0.012,0.0,1,0.002995399608121785,Normal
174,1,4.129,2.0,29.26,100.0,0.05,-0.59,0.03,0.011,0.0,1,0.0755096216087981,Normal
175,1,4.131,2.0,29.3,100.0,0.05,-0.57,0.04,0.01,0.0,1,0.0012287686088250371,Normal
176,1,4.135,2.0,29.33,100.0,0.05,-0.58,0.03,0.012,0.0,1,0.07520429517133403,Normal
177,1,4.136,2.0,29.36,100.0,0.05,-0.58,0.03,0.009,0.0,1,0.059399295941599206,Normal
178,1,4.14,2.0,29.4,100.0,0.05,-0.57,0.04,0.01,0.0,-1,-0.001732161675392474,Anomaly
179,1,4.141,2.0,29.43,100.0,0.05,-0.57,0.03,0.01,0.0,1,0.07422374116804231,Normal
180,1,4.145,2.0,29.46,100.0,0.05,-0.57,0.03,0.012,0.0,1,0.07466369666766359,Normal
181,1,4.147,2.0,29.49,100.0,0.05,-0.58,0.03,0.011,0.0,1,0.07747732636766336,Normal
182,1,4.149,2.0,29.51,100.0,0.05,-0.6,0.02,0.011,0.0,1,3.0354649145580836e-05,Normal
183,1,4.152,2.0,29.54,100.0,0.05,-0.61,0.03,0.011,0.0,1,0.06898631730540339,Normal
184,1,4.153,2.0,29.56,100.0,0.05,-0.62,0.02,0.011,0.0,-1,-0.006658642911811952,Anomaly
185,1,4.154,2.0,29.59,100.0,0.05,-0.63,0.03,0.01,0.0,1,0.057268038273971866,Normal
186,1,4.156,2.0,29.62,100.0,0.05,-0.64,0.03,0.01,0.0,1,0.0553643492382615,Normal
187,1,4.16,2.0,29.65,100.0,0.05,-0.66,0.03,0.012,0.0,1,0.04778804633669653,Normal
188,1,4.164,2.0,29.68,100.0,0.05,-0.67,0.03,0.013,0.0,1,0.04047528027236702,Normal
189,1,4.165,2.0,29.7,100.0,0.05,-0.69,0.02,0.01,0.0,-1,-0.0244285985902275,Anomaly
190,1,4.169,2.0,29.73,100.0,0.05,-0.7,0.03,0.01,0.0,1,0.035075442528015977,Normal
191,1,4.171,2.0,29.76,100.0,0.05,-0.7,0.03,0.01,0.0,1,0.03179374002962776,Normal
192,1,4.174,2.0,29.8,100.0,0.05,-0.69,0.04,0.01,0.0,-1,-0.033885560464076314,Anomaly
193,1,4.176,2.0,29.83,100.0,0.05,-0.7,0.03,0.009,0.0,1,0.008932019814432035,Normal
194,1,4.177,2.0,29.85,100.0,0.05,-0.72,0.02,0.009,0.0,-1,-0.057746029636720375,Anomaly
195,1,4.18,2.0,29.89,100.0,0.05,-0.72,0.04,0.011,0.0,-1,-0.04580659633269135,Anomaly
196,1,4.183,2.0,29.92,100.0,0.05,-0.72,0.03,0.013,0.0,1,0.0030352631001194785,Normal
197,1,4.186,2.0,29.95,100.0,0.05,-0.72,0.03,0.015,0.0,-1,-0.020994489243302605,Anomaly
198,1,4.188,2.0,29.98,100.0,0.05,-0.73,0.03,0.013,0.0,-1,-0.004593221637090417,Anomaly
199,1,4.191,2.0,30.0,100.0,0.05,-0.75,0.02,0.013,0.0,-1,-0.0749372132162508,Anomaly
0,2,3.703,2.0,25.03,40.5,0.05,0.0,0.0,0.0,0.0,-1,-0.039066038743972076,Anomaly
1,2,3.705,2.0,25.05,41.0,0.05,0.0,0.02,0.0,0.0,1,0.10258961947413575,Normal
2,2,3.708,2.0,25.07,41.5,0.05,0.0,0.02,0.002,0.0,1,0.1000619541902597,Normal
3,2,3.711,2.0,25.09,42.0,0.05,0.0,0.02,0.001,0.0,1,0.11228421995841753,Normal
4,2,3.713,2.0,25.11,42.5,0.05,-0.01,0.02,0.001,0.0,1,0.11083556139193484,Normal
5,2,3.716,2.0,25.13,43.0,0.05,-0.01,0.02,0.001,0.0,1,0.11476688138191948,Normal
6,2,3.72,2.0,25.15,43.5,0.05,0.0,0.02,0.003,0.0,1,0.1072798515568627,Normal
7,2,3.722,2.0,25.17,44.0,0.05,-0.01,0.02,0.002,0.0,1,0.11570013322753336,Normal
8,2,3.724,2.0,25.19,44.5,0.05,-0.01,0.02,0.002,0.0,1,0.1228523941653406,Normal
9,2,3.727,2.0,25.22,45.0,0.05,0.0,0.03,0.003,0.0,1,0.09668681433805743,Normal
10,2,3.729,2.0,25.24,45.5,0.05,-0.01,0.02,0.002,0.0,1,0.13072283688557007,Normal
11,2,3.732,2.0,25.27,46.0,0.05,0.0,0.03,0.002,0.0,1,0.11138496338136511,Normal
12,2,3.733,2.0,25.29,46.5,0.05,0.0,0.02,0.001,0.0,1,0.14405946654522767,Normal
13,2,3.734,2.0,25.32,47.0,0.05,0.01,0.03,0.0,0.0,1,0.11959266525286394,Normal
14,2,3.736,2.0,25.34,47.5,0.05,0.01,0.02,0.001,0.0,1,0.14465928360472824,Normal
15,2,3.74,2.0,25.36,48.0,0.05,0.0,0.02,0.003,0.0,1,0.14045876085529807,Normal
16,2,3.741,2.0,25.38,48.5,0.05,0.0,0.02,0.0,0.0,1,0.1527816802631597,Normal
17,2,3.745,2.0,25.4,49.0,0.05,0.0,0.02,0.003,0.0,1,0.14275803183647318,Normal
18,2,3.747,2.0,25.42,49.5,0.05,0.0,0.02,0.002,0.0,1,0.1497584000438416,Normal
19,2,3.75,2.0,25.44,50.0,0.05,0.0,0.02,0.002,0.0,1,0.14925955491524284,Normal
20,2,3.754,2.0,25.47,50.5,0.05,0.0,0.03,0.005,0.0,1,0.11299371215113502,Normal
21,2,3.755,2.0,25.49,51.0,0.05,-0.01,0.02,0.002,0.0,1,0.1452512090822335,Normal
22,2,3.758,2.0,25.51,51.5,0.05,-0.01,0.02,0.003,0.0,1,0.14642559071424271,Normal
23,2,3.76,2.0,25.54,52.0,0.05,0.01,0.03,0.003,0.0,1,0.129250077081071,Normal
24,2,3.763,2.0,25.56,52.5,0.05,0.0,0.02,0.004,0.0,1,0.1406701571518542,Normal
25,2,3.765,2.0,25.58,53.0,0.05,0.0,0.02,0.004,0.0,1,0.1408885120023201,Normal
26,2,3.768,2.0,25.61,53.5,0.05,0.01,0.03,0.005,0.0,1,0.12501256713468034,Normal
27,2,3.769,2.0,25.62,54.0,0.05,0.0,0.01,0.003,0.0,1,0.06516679120159719,Normal
28,2,3.773,2.0,25.64,54.5,0.05,-0.01,0.02,0.005,0.0,1,0.14049055691867618,Normal
29,2,3.774,2.0,25.66,55.0,0.05,-0.02,0.02,0.003,0.0,1,0.1424777363084691,Normal
30,2,3.778,2.0,25.68,55.5,0.05,-0.01,0.02,0.005,0.0,1,0.14212172164795966,Normal
31,2,3.779,2.0,25.71,56.0,0.05,0.0,0.03,0.005,0.0,1,0.13003125456366404,Normal
32,2,3.782,2.0,25.74,56.5,0.05,0.01,0.03,0.006,0.0,1,0.11956738050573462,Normal
33,2,3.784,2.0,25.75,57.0,0.05,-0.01,0.01,0.005,0.0,1,0.06360595694921589,Normal
34,2,3.788,2.0,25.77,57.5,0.05,-0.02,0.02,0.007,0.0,1,0.1270528401977834,Normal
35,2,3.79,2.0,25.79,58.0,0.05,-0.02,0.02,0.005,0.0,1,0.14127893673083108,Normal
36,2,3.792,2.0,25.81,58.5,0.05,-0.03,0.02,0.005,0.0,1,0.14204941199326848,Normal
37,2,3.796,2.0,25.83,59.0,0.05,-0.03,0.02,0.006,0.0,1,0.13675060015789048,Normal
38,2,3.8,2.0,25.86,59.5,0.05,-0.03,0.03,0.007,0.0,1,0.11470368770728412,Normal
39,2,3.803,2.0,25.87,60.0,0.05,-0.05,0.01,0.009,0.0,1,0.016207972703721985,Normal
40,2,3.805,2.0,25.89,60.5,0.05,-0.05,0.02,0.009,0.0,1,0.10276198962277155,Normal
41,2,3.807,2.0,25.91,61.0,0.05,-0.05,0.02,0.009,0.0,1,0.1056028542948948,Normal
42,2,3.809,2.0,25.94,61.5,0.05,-0.05,0.03,0.01,0.0,1,0.08581647412399607,Normal
43,2,3.812,2.0,25.95,62.0,0.05,-0.05,0.01,0.01,0.0,1,0.012388918142826055,Normal
44,2,3.814,2.0,25.98,62.5,0.05,-0.05,0.03,0.009,0.0,1,0.10034356551716189,Normal
45,2,3.817,2.0,26.01,63.0,0.05,-0.05,0.03,0.008,0.0,1,0.1026058124044148,Normal
46,2,3.82,2.0,26.03,63.5,0.05,-0.04,0.02,0.01,0.0,1,0.11251859648406892,Normal
47,2,3.822,2.0,26.06,64.0,0.05,-0.03,0.03,0.011,0.0,1,0.10671487720493111,Normal
48,2,3.823,2.0,26.08,64.5,0.05,-0.03,0.02,0.01,0.0,1,0.12167281882384573,Normal
49,2,3.826,2.0,26.1,65.0,0.05,-0.04,0.02,0.01,0.0,1,0.1159108188448198,Normal
50,2,3.827,2.0,26.13,65.5,0.05,-0.03,0.03,0.009,0.0,1,0.12162681939156084,Normal
51,2,3.831,2.0,26.15,66.0,0.05,-0.04,0.02,0.011,0.0,1,0.11363136851292588,Normal
52,2,3.834,2.0,26.17,66.5,0.05,-0.04,0.02,0.012,0.0,1,0.1092049931466858,Normal
53,2,3.836,2.0,26.2,67.0,0.05,-0.03,0.03,0.011,0.0,1,0.10997353366364854,Normal
54,2,3.838,2.0,26.23,67.5,0.05,-0.02,0.03,0.01,0.0,1,0.11648979720659203,Normal
55,2,3.839,2.0,26.25,68.0,0.05,-0.02,0.02,0.007,0.0,1,0.14638265272954953,Normal
56,2,3.841,2.0,26.28,68.5,0.05,0.0,0.03,0.005,0.0,1,0.14455584386591058,Normal
57,2,3.843,2.0,26.31,69.0,0.05,0.0,0.03,0.004,0.0,1,0.14733414197973554,Normal
58,2,3.847,2.0,26.32,69.5,0.05,-0.01,0.01,0.005,0.0,1,0.06536288416198366,Normal
59,2,3.85,2.0,26.34,70.0,0.05,-0.02,0.02,0.005,0.0,1,0.15127327213242608,Normal
60,2,3.854,2.0,26.36,70.5,0.05,-0.03,0.02,0.005,0.0,1,0.15305460094757561,Normal
61,2,3.856,2.0,26.39,71.0,0.05,-0.01,0.03,0.005,0.0,1,0.14254428187623308,Normal
62,2,3.859,2.0,26.42,71.5,0.05,-0.01,0.03,0.007,0.0,1,0.13489254776928378,Normal
63,2,3.862,2.0,26.43,72.0,0.05,-0.02,0.01,0.007,0.0,1,0.05213645110523013,Normal
64,2,3.864,2.0,26.45,72.5,0.05,-0.02,0.02,0.008,0.0,1,0.13841424723247747,Normal
65,2,3.866,2.0,26.47,73.0,0.05,-0.03,0.02,0.008,0.0,1,0.1413238425756676,Normal
66,2,3.868,2.0,26.49,73.5,0.05,-0.04,0.02,0.006,0.0,1,0.1473669618581922,Normal
67,2,3.872,2.0,26.51,74.0,0.05,-0.04,0.02,0.007,0.0,1,0.1462073129226807,Normal
68,2,3.873,2.0,26.54,74.5,0.05,-0.04,0.03,0.005,0.0,1,0.13655538889694774,Normal
69,2,3.876,2.0,26.56,75.0,0.05,-0.04,0.02,0.005,0.0,1,0.15215411461991496,Normal
70,2,3.879,2.0,26.58,75.5,0.05,-0.05,0.02,0.005,0.0,1,0.1494036245694727,Normal
71,2,3.883,2.0,26.6,76.0,0.05,-0.05,0.02,0.008,0.0,1,0.1405710592301337,Normal
72,2,3.884,2.0,26.61,76.5,0.05,-0.06,0.01,0.007,0.0,1,0.037730462125668995,Normal
73,2,3.887,2.0,26.63,77.0,0.05,-0.07,0.02,0.006,0.0,1,0.13166918758923524,Normal
74,2,3.891,2.0,26.65,77.5,0.05,-0.07,0.02,0.007,0.0,1,0.12946178230213312,Normal
75,2,3.892,2.0,26.68,78.0,0.05,-0.06,0.03,0.005,0.0,1,0.12474102629299527,Normal
76,2,3.896,2.0,26.71,78.5,0.05,-0.05,0.03,0.008,0.0,1,0.1348060208414501,Normal
77,2,3.898,2.0,26.73,79.0,0.05,-0.06,0.02,0.008,0.0,1,0.13320132131951795,Normal
78,2,3.9,2.0,26.75,79.5,0.05,-0.07,0.02,0.008,0.0,1,0.12373304155752385,Normal
79,2,3.903,2.0,26.78,80.0,0.05,-0.06,0.03,0.009,0.0,1,0.12181169562767796,Normal
80,2,3.906,2.0,26.8,80.5,0.05,-0.05,0.02,0.009,0.0,1,0.1366601784975714,Normal
81,2,3.907,2.0,26.82,81.0,0.05,-0.05,0.02,0.006,0.0,1,0.145389354569257,Normal
82,2,3.91,2.0,26.85,81.5,0.05,-0.04,0.03,0.008,0.0,1,0.13357141345345946,Normal
83,2,3.912,2.0,26.88,82.0,0.05,-0.03,0.03,0.008,0.0,1,0.13443429558681264,Normal
84,2,3.916,2.0,26.9,82.5,0.05,-0.04,0.02,0.009,0.0,1,0.13897312328412242,Normal
85,2,3.917,2.0,26.92,83.0,0.05,-0.05,0.02,0.008,0.0,1,0.13800412492882147,Normal
86,2,3.92,2.0,26.94,83.5,0.05,-0.05,0.02,0.009,0.0,1,0.13603903891582197,Normal
87,2,3.921,2.0,26.98,84.0,0.05,-0.03,0.04,0.008,0.0,1,0.05364112274632882,Normal
88,2,3.923,2.0,27.01,84.5,0.05,-0.02,0.03,0.009,0.0,1,0.13933876956650826,Normal
89,2,3.924,2.0,27.03,85.0,0.05,-0.03,0.02,0.008,0.0,1,0.13233244537394456,Normal
90,2,3.928,2.0,27.06,85.5,0.05,-0.03,0.03,0.011,0.0,1,0.12996745206317223,Normal
91,2,3.93,2.0,27.09,86.0,0.05,-0.03,0.03,0.012,0.0,1,0.12760772165232437,Normal
92,2,3.933,2.0,27.11,86.5,0.05,-0.05,0.02,0.013,0.0,1,0.1141193227838394,Normal
93,2,3.937,2.0,27.14,87.0,0.05,-0.04,0.03,0.014,0.0,1,0.11519859147119277,Normal
94,2,3.939,2.0,27.17,87.5,0.05,-0.04,0.03,0.015,0.0,1,0.11201885940311523,Normal
95,2,3.941,2.0,27.2,88.0,0.05,-0.04,0.03,0.016,0.0,1,0.1110105966496982,Normal
96,2,3.945,2.0,27.23,88.5,0.05,-0.04,0.03,0.016,0.0,1,0.11157400942675966,Normal
97,2,3.947,2.0,27.26,89.0,0.05,-0.03,0.03,0.017,0.0,1,0.10221697222632897,Normal
98,2,3.951,2.0,27.3,89.5,0.05,-0.02,0.04,0.019,0.0,1,0.011889956067624108,Normal
99,2,3.954,2.0,27.32,90.0,0.05,-0.04,0.02,0.019,0.0,1,0.073299540088816,Normal
100,2,3.956,2.0,27.36,90.5,0.05,-0.02,0.04,0.018,0.0,1,0.016092652713759592,Normal
101,2,3.959,2.0,27.39,91.0,0.05,-0.03,0.03,0.019,0.0,1,0.09069991932868221,Normal
102,2,3.961,2.0,27.42,91.5,0.05,-0.04,0.03,0.018,0.0,1,0.10333605567052023,Normal
103,2,3.963,2.0,27.45,92.0,0.05,-0.04,0.03,0.017,0.0,1,0.10870726279141463,Normal
104,2,3.967,2.0,27.47,92.5,0.05,-0.05,0.02,0.018,0.0,1,0.0776580708286343,Normal
105,2,3.969,2.0,27.5,93.0,0.05,-0.05,0.03,0.017,0.0,1,0.11071841050022563,Normal
106,2,3.971,2.0,27.52,93.5,0.05,-0.07,0.02,0.017,0.0,1,0.08108111790890721,Normal
107,2,3.974,2.0,27.55,94.0,0.05,-0.08,0.03,0.017,0.0,1,0.11247411120351569,Normal
108,2,3.976,2.0,27.59,94.5,0.05,-0.07,0.04,0.017,0.0,1,0.03840348307893671,Normal
109,2,3.979,2.0,27.62,95.0,0.05,-0.08,0.03,0.017,0.0,1,0.11451066895000866,Normal
110,2,3.982,2.0,27.66,95.5,0.05,-0.07,0.04,0.019,0.0,1,0.02952443396873805,Normal
111,2,3.986,2.0,27.68,96.0,0.05,-0.08,0.02,0.022,0.0,1,0.0434980925490045,Normal
112,2,3.989,2.0,27.71,96.5,0.05,-0.08,0.03,0.024,0.0,1,0.06273255811285183,Normal
113,2,3.99,2.0,27.74,97.0,0.05,-0.07,0.03,0.023,0.0,1,0.06981790225193252,Normal
114,2,3.992,2.0,27.77,97.5,0.05,-0.07,0.03,0.024,0.0,1,0.061894318785671754,Normal
115,2,3.993,2.0,27.8,98.0,0.05,-0.06,0.03,0.022,0.0,1,0.07868182387245204,Normal
116,2,3.996,2.0,27.82,98.5,0.05,-0.08,0.02,0.021,0.0,1,0.051948064824606566,Normal
117,2,3.998,2.0,27.86,99.0,0.05,-0.07,0.04,0.02,0.0,1,0.031911843184940114,Normal
118,2,4.0,2.0,27.89,99.5,0.05,-0.08,0.03,0.019,0.0,1,0.10175622327243633,Normal
119,2,4.002,2.0,27.92,100.0,0.05,-0.08,0.03,0.017,0.0,1,0.11062760572716385,Normal
120,2,4.005,2.0,27.95,100.0,0.05,-0.09,0.03,0.019,0.0,1,0.10474715897237391,Normal
121,2,4.007,2.0,27.98,100.0,0.05,-0.1,0.03,0.02,0.0,1,0.10661630800619942,Normal
122,2,4.01,2.0,28.01,100.0,0.05,-0.1,0.03,0.021,0.0,1,0.0997319722167882,Normal
123,2,4.011,2.0,28.05,100.0,0.05,-0.09,0.04,0.02,0.0,1,0.03712338280489347,Normal
124,2,4.014,2.0,28.07,100.0,0.05,-0.1,0.02,0.021,0.0,1,0.051416671555514104,Normal
125,2,4.015,2.0,28.1,100.0,0.05,-0.1,0.03,0.02,0.0,1,0.10628072741211009,Normal
126,2,4.018,2.0,28.13,100.0,0.05,-0.1,0.03,0.02,0.0,1,0.10429178666366123,Normal
127,2,4.02,2.0,28.15,100.0,0.05,-0.12,0.02,0.021,0.0,1,0.04483036505779725,Normal
128,2,4.022,2.0,28.18,100.0,0.05,-0.12,0.03,0.02,0.0,1,0.10141834888940082,Normal
129,2,4.024,2.0,28.2,100.0,0.05,-0.14,0.02,0.019,0.0,1,0.0543800450140276,Normal
130,2,4.028,2.0,28.23,100.0,0.05,-0.13,0.03,0.019,0.0,1,0.10183201572526923,Normal
131,2,4.03,2.0,28.26,100.0,0.05,-0.13,0.03,0.02,0.0,1,0.10228386471506323,Normal
132,2,4.032,2.0,28.3,100.0,0.05,-0.13,0.04,0.021,0.0,1,0.027632720237250052,Normal
133,2,4.033,2.0,28.32,100.0,0.05,-0.14,0.02,0.02,0.0,1,0.051793056110187696,Normal
134,2,4.037,2.0,28.35,100.0,0.05,-0.15,0.03,0.021,0.0,1,0.09068633833491063,Normal
135,2,4.038,2.0,28.38,100.0,0.05,-0.16,0.03,0.02,0.0,1,0.09937505862467294,Normal
136,2,4.04,2.0,28.41,100.0,0.05,-0.15,0.03,0.02,0.0,1,0.09737925675105635,Normal
137,2,4.042,2.0,28.44,100.0,0.05,-0.15,0.03,0.018,0.0,1,0.10534544634555176,Normal
138,2,4.043,2.0,28.47,100.0,0.05,-0.15,0.03,0.016,0.0,1,0.11538189743485378,Normal
139,2,4.045,2.0,28.51,100.0,0.05,-0.14,0.04,0.016,0.0,1,0.05147063611626357,Normal
140,2,4.046,2.0,28.54,100.0,0.05,-0.15,0.03,0.013,0.0,1,0.12229183003826288,Normal
141,2,4.049,2.0,28.58,100.0,0.05,-0.15,0.04,0.015,0.0,1,0.053966852406151955,Normal
142,2,4.052,2.0,28.6,100.0,0.05,-0.16,0.02,0.016,0.0,1,0.06206899689275214,Normal
143,2,4.053,2.0,28.64,100.0,0.05,-0.16,0.04,0.015,0.0,1,0.05221358265623832,Normal
144,2,4.055,2.0,28.67,100.0,0.05,-0.17,0.03,0.013,0.0,1,0.12097834855988976,Normal
145,2,4.056,2.0,28.7,100.0,0.05,-0.17,0.03,0.012,0.0,1,0.12021888611355536,Normal
146,2,4.06,2.0,28.72,100.0,0.05,-0.18,0.02,0.014,0.0,1,0.058966219127523756,Normal
147,2,4.063,2.0,28.76,100.0,0.05,-0.17,0.04,0.016,0.0,1,0.0528561586926265,Normal
148,2,4.066,2.0,28.8,100.0,0.05,-0.16,0.04,0.016,0.0,1,0.05285624543528822,Normal
149,2,4.068,2.0,28.83,100.0,0.05,-0.17,0.03,0.017,0.0,1,0.09883066005153596,Normal
150,2,4.07,2.0,28.85,100.0,0.05,-0.18,0.02,0.017,0.0,1,0.043730917828246896,Normal
151,2,4.073,2.0,28.89,100.0,0.05,-0.18,0.04,0.017,0.0,1,0.04878890627203403,Normal
152,2,4.077,2.0,28.92,100.0,0.05,-0.18,0.03,0.02,0.0,1,0.08153919956593558,Normal
153,2,4.08,2.0,28.95,100.0,0.05,-0.18,0.03,0.02,0.0,1,0.0818962035652564,Normal
154,2,4.083,2.0,28.97,100.0,0.05,-0.2,0.02,0.021,0.0,1,0.010205200593220831,Normal
155,2,4.085,2.0,29.01,100.0,0.05,-0.19,0.04,0.021,0.0,1,0.013617344472062753,Normal
156,2,4.088,2.0,29.04,100.0,0.05,-0.19,0.03,0.022,0.0,1,0.055530423393594486,Normal
157,2,4.092,2.0,29.07,100.0,0.05,-0.19,0.03,0.023,0.0,1,0.0439249467865136,Normal
158,2,4.094,2.0,29.11,100.0,0.05,-0.18,0.04,0.021,0.0,1,0.010942347651882178,Normal
159,2,4.095,2.0,29.14,100.0,0.05,-0.17,0.03,0.019,0.0,1,0.07994661521309637,Normal
160,2,4.096,2.0,29.17,100.0,0.05,-0.17,0.03,0.018,0.0,1,0.08817465899614696,Normal
161,2,4.099,2.0,29.2,100.0,0.05,-0.17,0.03,0.018,0.0,1,0.08873771829041738,Normal
162,2,4.101,2.0,29.23,100.0,0.05,-0.18,0.03,0.016,0.0,1,0.10035829437294402,Normal
163,2,4.103,2.0,29.26,100.0,0.05,-0.19,0.03,0.015,0.0,1,0.10699074448041834,Normal
164,2,4.104,2.0,29.3,100.0,0.05,-0.19,0.04,0.013,0.0,1,0.05060626738597773,Normal
165,2,4.108,2.0,29.33,100.0,0.05,-0.19,0.03,0.015,0.0,1,0.10651102775676008,Normal
166,2,4.111,2.0,29.36,100.0,0.05,-0.19,0.03,0.014,0.0,1,0.10479573582998097,Normal
167,2,4.112,2.0,29.39,100.0,0.05,-0.19,0.03,0.013,0.0,1,0.10878483118087151,Normal
168,2,4.116,2.0,29.42,100.0,0.05,-0.2,0.03,0.014,0.0,1,0.09903310811109395,Normal
169,2,4.118,2.0,29.45,100.0,0.05,-0.21,0.03,0.013,0.0,1,0.10516672723417264,Normal
170,2,4.121,2.0,29.48,100.0,0.05,-0.21,0.03,0.014,0.0,1,0.09664456758997736,Normal
171,2,4.123,2.0,29.52,100.0,0.05,-0.21,0.04,0.014,0.0,1,0.043068054086610186,Normal
172,2,4.126,2.0,29.55,100.0,0.05,-0.22,0.03,0.013,0.0,1,0.10464720408652378,Normal
173,2,4.128,2.0,29.59,100.0,0.05,-0.22,0.04,0.013,0.0,1,0.05091599582017836,Normal
174,2,4.131,2.0,29.63,100.0,0.05,-0.22,0.04,0.013,0.0,1,0.04800867970253386,Normal
175,2,4.134,2.0,29.66,100.0,0.05,-0.21,0.03,0.013,0.0,1,0.10123282599577782,Normal
176,2,4.135,2.0,29.69,100.0,0.05,-0.22,0.03,0.012,0.0,1,0.10025514310133077,Normal
177,2,4.137,2.0,29.72,100.0,0.05,-0.22,0.03,0.01,0.0,1,0.09040188698313756,Normal
178,2,4.138,2.0,29.76,100.0,0.05,-0.21,0.04,0.008,0.0,1,0.02567475690507015,Normal
179,2,4.142,2.0,29.78,100.0,0.05,-0.22,0.02,0.011,0.0,1,0.018477417729048207,Normal
180,2,4.145,2.0,29.81,100.0,0.05,-0.22,0.03,0.012,0.0,1,0.09344833994658397,Normal
181,2,4.147,2.0,29.84,100.0,0.05,-0.23,0.03,0.011,0.0,1,0.08820377001891988,Normal
182,2,4.151,2.0,29.87,100.0,0.05,-0.24,0.03,0.013,0.0,1,0.09322649343584183,Normal
183,2,4.154,2.0,29.9,100.0,0.05,-0.25,0.03,0.013,0.0,1,0.08971325520777462,Normal
184,2,4.157,2.0,29.93,100.0,0.05,-0.25,0.03,0.015,0.0,1,0.07433521925950015,Normal
185,2,4.158,2.0,29.97,100.0,0.05,-0.25,0.04,0.014,0.0,1,0.026683263985636252,Normal
186,2,4.161,2.0,30.0,100.0,0.05,-0.26,0.03,0.015,0.0,1,0.0731682149407758,Normal
187,2,4.163,2.0,30.03,100.0,0.05,-0.28,0.03,0.015,0.0,1,0.06398844107150237,Normal
188,2,4.166,2.0,30.07,100.0,0.05,-0.28,0.04,0.015,0.0,1,0.015391760199066296,Normal
189,2,4.168,2.0,30.11,100.0,0.05,-0.28,0.04,0.013,0.0,1,0.02277857331262867,Normal
190,2,4.172,2.0,30.14,100.0,0.05,-0.29,0.03,0.013,0.0,1,0.0607051865954118,Normal
191,2,4.174,2.0,30.18,100.0,0.05,-0.28,0.04,0.013,0.0,1,0.01813149429160288,Normal
192,2,4.177,2.0,30.21,100.0,0.05,-0.28,0.03,0.013,0.0,1,0.054205736710843166,Normal
193,2,4.179,2.0,30.24,100.0,0.05,-0.29,0.03,0.012,0.0,1,0.048793672802432964,Normal
194,2,4.182,2.0,30.27,100.0,0.05,-0.3,0.03,0.014,0.0,1,0.032406874643165495,Normal
195,2,4.183,2.0,30.31,100.0,0.05,-0.3,0.04,0.014,0.0,-1,-0.008795263925112984,Anomaly
196,2,4.186,2.0,30.35,100.0,0.05,-0.29,0.04,0.016,0.0,-1,-0.01903174021576015,Anomaly
197,2,4.189,2.0,30.38,100.0,0.05,-0.29,0.03,0.018,0.0,-1,-0.00953225644886202,Anomaly
198,2,4.191,2.0,30.41,100.0,0.05,-0.3,0.03,0.016,0.0,-1,-0.0028032406283359235,Anomaly
199,2,4.194,2.0,30.44,100.0,0.05,-0.31,0.03,0.016,0.0,-1,-0.010301652880421397,Anomaly
0,3,3.703,2.0,25.03,40.5,0.05,0.0,0.0,0.0,0.0,-1,-0.039066038743972076,Anomaly
1,3,3.705,2.0,25.04,41.0,0.05,-0.01,0.01,0.0,0.0,1,0.027165863771496324,Normal
2,3,3.706,2.0,25.06,41.5,0.05,-0.01,0.02,-0.001,0.0,1,0.09858483912088428,Normal
3,3,3.71,2.0,25.09,42.0,0.05,0.0,0.03,0.0,0.0,1,0.08122928136395718,Normal
4,3,3.713,2.0,25.1,42.5,0.05,-0.02,0.01,0.001,0.0,1,0.019647998663762323,Normal
5,3,3.715,2.0,25.12,43.0,0.05,-0.02,0.02,0.0,0.0,1,0.09597342694446331,Normal
6,3,3.717,2.0,25.15,43.5,0.05,0.0,0.03,-0.001,0.0,1,0.0955021458674587,Normal
7,3,3.72,2.0,25.18,44.0,0.05,0.01,0.03,-0.002,0.0,1,0.0972161948123536,Normal
8,3,3.722,2.0,25.19,44.5,0.05,-0.01,0.01,-0.001,0.0,1,0.049044165843854515,Normal
9,3,3.724,2.0,25.22,45.0,0.05,0.0,0.03,-0.003,0.0,1,0.09988401789257417,Normal
10,3,3.727,2.0,25.24,45.5,0.05,-0.01,0.02,-0.002,0.0,1,0.13316544161723393,Normal
11,3,3.729,2.0,25.27,46.0,0.05,0.0,0.03,-0.003,0.0,1,0.10604853739663628,Normal
12,3,3.73,2.0,25.29,46.5,0.05,0.0,0.02,-0.003,0.0,1,0.1344332915586483,Normal
13,3,3.731,2.0,25.3,47.0,0.05,-0.02,0.01,-0.003,0.0,1,0.03140610759395013,Normal
14,3,3.733,2.0,25.33,47.5,0.05,-0.01,0.03,-0.003,0.0,1,0.1064360502883826,Normal
15,3,3.736,2.0,25.35,48.0,0.05,-0.01,0.02,-0.004,0.0,1,0.12804615983182327,Normal
16,3,3.739,2.0,25.37,48.5,0.05,-0.01,0.02,-0.002,0.0,1,0.1456292864817732,Normal
17,3,3.742,2.0,25.39,49.0,0.05,-0.01,0.02,-0.001,0.0,1,0.14895081936791293,Normal
18,3,3.744,2.0,25.41,49.5,0.05,-0.01,0.02,-0.003,0.0,1,0.13720645802589782,Normal
19,3,3.745,2.0,25.43,50.0,0.05,-0.01,0.02,-0.004,0.0,1,0.1272613895785435,Normal
20,3,3.749,2.0,25.45,50.5,0.05,-0.02,0.02,-0.002,0.0,1,0.12835262402315822,Normal
21,3,3.752,2.0,25.47,51.0,0.05,-0.03,0.02,-0.003,0.0,1,0.11575264855753964,Normal
22,3,3.755,2.0,25.5,51.5,0.05,-0.02,0.03,-0.001,0.0,1,0.10932639817753509,Normal
23,3,3.758,2.0,25.52,52.0,0.05,-0.02,0.02,0.001,0.0,1,0.13539513600006664,Normal
24,3,3.759,2.0,25.55,52.5,0.05,-0.01,0.03,-0.001,0.0,1,0.12685613035265125,Normal
25,3,3.761,2.0,25.57,53.0,0.05,-0.01,0.02,-0.002,0.0,1,0.1435845165322438,Normal
26,3,3.763,2.0,25.6,53.5,0.05,-0.01,0.03,-0.003,0.0,1,0.12242510763207248,Normal
27,3,3.766,2.0,25.62,54.0,0.05,0.0,0.02,-0.002,0.0,1,0.1452370059438602,Normal
28,3,3.768,2.0,25.65,54.5,0.05,0.01,0.03,-0.002,0.0,1,0.13692044290357502,Normal
29,3,3.771,2.0,25.68,55.0,0.05,0.02,0.03,-0.003,0.0,1,0.13040635396177552,Normal
30,3,3.773,2.0,25.69,55.5,0.05,0.0,0.01,-0.005,0.0,1,0.0562383788790648,Normal
31,3,3.774,2.0,25.71,56.0,0.05,0.0,0.02,-0.005,0.0,1,0.1319115659213166,Normal
32,3,3.775,2.0,25.73,56.5,0.05,-0.01,0.02,-0.007,0.0,1,0.11393687014680615,Normal
33,3,3.778,2.0,25.76,57.0,0.05,0.0,0.03,-0.006,0.0,1,0.11368417300759609,Normal
34,3,3.781,2.0,25.79,57.5,0.05,0.01,0.03,-0.007,0.0,1,0.11196826064519794,Normal
35,3,3.785,2.0,25.81,58.0,0.05,0.02,0.02,-0.005,0.0,1,0.13685681664895405,Normal
36,3,3.787,2.0,25.84,58.5,0.05,0.02,0.03,-0.005,0.0,1,0.12612138287659086,Normal
37,3,3.79,2.0,25.86,59.0,0.05,0.02,0.02,-0.004,0.0,1,0.14241680306217042,Normal
38,3,3.793,2.0,25.89,59.5,0.05,0.02,0.03,-0.002,0.0,1,0.14057218762855306,Normal
39,3,3.794,2.0,25.92,60.0,0.05,0.03,0.03,-0.005,0.0,1,0.13589189341341174,Normal
40,3,3.796,2.0,25.94,60.5,0.05,0.04,0.02,-0.006,0.0,1,0.13813592053228063,Normal
41,3,3.798,2.0,25.97,61.0,0.05,0.04,0.03,-0.005,0.0,1,0.13555256832687956,Normal
42,3,3.799,2.0,25.99,61.5,0.05,0.03,0.02,-0.006,0.0,1,0.14466129406556072,Normal
43,3,3.802,2.0,26.0,62.0,0.05,0.02,0.01,-0.006,0.0,1,0.05633668704634587,Normal
44,3,3.805,2.0,26.03,62.5,0.05,0.03,0.03,-0.004,0.0,1,0.1423664910896144,Normal
45,3,3.809,2.0,26.06,63.0,0.05,0.03,0.03,-0.003,0.0,1,0.1421324406984386,Normal
46,3,3.81,2.0,26.07,63.5,0.05,0.03,0.01,-0.005,0.0,1,0.059868798791725686,Normal
47,3,3.811,2.0,26.1,64.0,0.05,0.04,0.03,-0.006,0.0,1,0.1315442669823848,Normal
48,3,3.813,2.0,26.13,64.5,0.05,0.05,0.03,-0.006,0.0,1,0.11807241262369644,Normal
49,3,3.816,2.0,26.15,65.0,0.05,0.04,0.02,-0.004,0.0,1,0.14563184177070615,Normal
50,3,3.818,2.0,26.17,65.5,0.05,0.04,0.02,-0.004,0.0,1,0.1453105110967376,Normal
51,3,3.82,2.0,26.19,66.0,0.05,0.04,0.02,-0.004,0.0,1,0.14454313134655783,Normal
52,3,3.822,2.0,26.21,66.5,0.05,0.04,0.02,-0.003,0.0,1,0.14879196922110272,Normal
53,3,3.825,2.0,26.23,67.0,0.05,0.03,0.02,-0.003,0.0,1,0.1548966959536145,Normal
54,3,3.828,2.0,26.25,67.5,0.05,0.02,0.02,-0.002,0.0,1,0.15519625289996514,Normal
55,3,3.832,2.0,26.27,68.0,0.05,0.02,0.02,-0.002,0.0,1,0.1564056146006083,Normal
56,3,3.836,2.0,26.28,68.5,0.05,0.0,0.01,-0.002,0.0,1,0.06422931247813257,Normal
57,3,3.839,2.0,26.31,69.0,0.05,0.0,0.03,-0.001,0.0,1,0.14297620897473434,Normal
58,3,3.842,2.0,26.33,69.5,0.05,0.01,0.02,-0.001,0.0,1,0.15476772249359427,Normal
59,3,3.845,2.0,26.36,70.0,0.05,0.02,0.03,-0.002,0.0,1,0.14367428116014952,Normal
60,3,3.849,2.0,26.39,70.5,0.05,0.02,0.03,-0.002,0.0,1,0.1420835517525868,Normal
61,3,3.851,2.0,26.4,71.0,0.05,0.01,0.01,-0.001,0.0,1,0.0566445710166138,Normal
62,3,3.852,2.0,26.43,71.5,0.05,0.01,0.03,-0.003,0.0,1,0.14074589101100454,Normal
63,3,3.855,2.0,26.45,72.0,0.05,0.02,0.02,-0.001,0.0,1,0.15027031070770863,Normal
64,3,3.856,2.0,26.47,72.5,0.05,0.02,0.02,-0.003,0.0,1,0.1460290950518341,Normal
65,3,3.858,2.0,26.5,73.0,0.05,0.03,0.03,-0.004,0.0,1,0.1389442298607439,Normal
66,3,3.862,2.0,26.53,73.5,0.05,0.04,0.03,-0.002,0.0,1,0.13944480163848427,Normal
67,3,3.865,2.0,26.55,74.0,0.05,0.03,0.02,-0.003,0.0,1,0.14264321607386082,Normal
68,3,3.868,2.0,26.58,74.5,0.05,0.04,0.03,-0.002,0.0,1,0.1372207569095899,Normal
69,3,3.871,2.0,26.61,75.0,0.05,0.05,0.03,-0.003,0.0,1,0.1295669813394386,Normal
70,3,3.874,2.0,26.64,75.5,0.05,0.06,0.03,-0.001,0.0,1,0.11702903891205979,Normal
71,3,3.875,2.0,26.66,76.0,0.05,0.06,0.02,-0.004,0.0,1,0.11481449401946242,Normal
72,3,3.877,2.0,26.68,76.5,0.05,0.05,0.02,-0.004,0.0,1,0.12849015108481115,Normal
73,3,3.881,2.0,26.7,77.0,0.05,0.05,0.02,-0.003,0.0,1,0.1277243699235851,Normal
74,3,3.884,2.0,26.73,77.5,0.05,0.05,0.03,-0.004,0.0,1,0.12900303298537003,Normal
75,3,3.887,2.0,26.74,78.0,0.05,0.04,0.01,-0.004,0.0,1,0.032720534785666056,Normal
76,3,3.888,2.0,26.77,78.5,0.05,0.05,0.03,-0.004,0.0,1,0.12913578919029767,Normal
77,3,3.89,2.0,26.79,79.0,0.05,0.06,0.02,-0.006,0.0,1,0.11137968299394707,Normal
78,3,3.892,2.0,26.82,79.5,0.05,0.06,0.03,-0.006,0.0,1,0.11877400431940893,Normal
79,3,3.894,2.0,26.84,80.0,0.05,0.05,0.02,-0.006,0.0,1,0.12330876436294047,Normal
80,3,3.897,2.0,26.88,80.5,0.0506,0.07,0.04,-0.006,0.0006,1,0.03853544569203293,Normal
81,3,3.901,2.0,26.94,81.0,0.0512,0.11,0.06,-0.003,0.0012,1,0.009501759599876536,Normal
82,3,3.902,2.0,26.99,81.5,0.0518,0.14,0.05,-0.004,0.0018,1,0.004965005461376459,Normal
83,3,3.904,2.0,27.04,82.0,0.0524,0.16,0.05,-0.004,0.0024,1,0.004005835671322289,Normal
84,3,3.907,2.0,27.08,82.5,0.053,0.18,0.04,-0.003,0.003,1,0.010351596286133469,Normal
85,3,3.909,2.0,27.13,83.0,0.0536,0.21,0.05,-0.004,0.0036,1,0.0002431010671445355,Normal
86,3,3.911,2.0,27.17,83.5,0.0542,0.23,0.04,-0.005,0.0042,1,0.00570526319192044,Normal
87,3,3.913,2.0,27.22,84.0,0.0548,0.24,0.05,-0.006,0.0048,-1,-0.0059130798544598795,Anomaly
88,3,3.914,2.0,27.26,84.5,0.0554,0.25,0.04,-0.007,0.0054,1,0.003416445117857325,Normal
89,3,3.916,2.0,27.31,85.0,0.056,0.28,0.05,-0.007,0.006,-1,-0.013607811058373609,Anomaly
90,3,3.917,2.0,27.35,85.5,0.0566,0.29,0.04,-0.009,0.0066,-1,-0.0006750331391242037,Anomaly
91,3,3.918,2.0,27.39,86.0,0.0572,0.3,0.04,-0.01,0.0072,1,0.007541209773458513,Normal
92,3,3.92,2.0,27.43,86.5,0.0578,0.32,0.04,-0.011,0.0078,1,0.00403839873862577,Normal
93,3,3.923,2.0,27.48,87.0,0.0584,0.34,0.05,-0.011,0.0084,-1,-0.009503477955391082,Anomaly
94,3,3.924,2.0,27.51,87.5,0.059,0.34,0.03,-0.013,0.009,1,0.044358981373189055,Normal
95,3,3.925,2.0,27.56,88.0,0.0596,0.36,0.05,-0.015,0.0096,-1,-0.023281184645765007,Anomaly
96,3,3.929,2.0,27.6,88.5,0.0602,0.37,0.04,-0.013,0.0102,1,0.001318889316678007,Normal
97,3,3.93,2.0,27.64,89.0,0.0608,0.38,0.04,-0.014,0.0108,-1,-0.004607663259194039,Anomaly
98,3,3.932,2.0,27.69,89.5,0.0614,0.39,0.05,-0.013,0.0114,-1,-0.01006780426189502,Anomaly
99,3,3.935,2.0,27.73,90.0,0.062,0.41,0.04,-0.012,0.012,1,0.005947761962158404,Normal
100,3,3.938,2.0,27.78,90.5,0.0626,0.42,0.05,-0.011,0.0126,-1,-0.006292002054498647,Anomaly
101,3,3.94,2.0,27.81,91.0,0.0632,0.42,0.03,-0.011,0.0132,1,0.042378822273615335,Normal
102,3,3.943,2.0,27.85,91.5,0.0638,0.43,0.04,-0.009,0.0138,1,0.0018116636655488572,Normal
103,3,3.946,2.0,27.89,92.0,0.0644,0.44,0.04,-0.009,0.0144,1,0.0009583537548603083,Normal
104,3,3.949,2.0,27.93,92.5,0.065,0.46,0.04,-0.01,0.015,1,0.006815824656909331,Normal
105,3,3.952,2.0,27.97,93.0,0.0656,0.47,0.04,-0.008,0.0156,-1,-0.0007127684868496464,Anomaly
106,3,3.954,2.0,28.01,93.5,0.0662,0.49,0.04,-0.009,0.0162,1,0.0015804151924189158,Normal
107,3,3.957,2.0,28.05,94.0,0.0668,0.5,0.04,-0.007,0.0168,-1,-0.002668867851062573,Anomaly
108,3,3.959,2.0,28.09,94.5,0.0674,0.5,0.04,-0.009,0.0174,1,0.0008643338466355344,Normal
109,3,3.962,2.0,28.12,95.0,0.068,0.5,0.03,-0.007,0.018,1,0.03128133129119548,Normal
110,3,3.963,2.0,28.16,95.5,0.0686,0.5,0.04,-0.007,0.0186,-1,-0.002847238989811096,Anomaly
111,3,3.964,2.0,28.2,96.0,0.0692,0.52,0.04,-0.01,0.0192,1,0.00914952176339967,Normal
112,3,3.965,2.0,28.24,96.5,0.0698,0.53,0.04,-0.01,0.0198,1,0.009806269631024045,Normal
113,3,3.967,2.0,28.27,97.0,0.0704,0.53,0.03,-0.011,0.0204,1,0.038299008220947894,Normal
114,3,3.968,2.0,28.31,97.5,0.071,0.54,0.04,-0.013,0.021,1,0.006480853566398492,Normal
115,3,3.97,2.0,28.34,98.0,0.0716,0.54,0.03,-0.014,0.0216,1,0.027043290813885124,Normal
116,3,3.973,2.0,28.37,98.5,0.0722,0.55,0.03,-0.014,0.0222,1,0.028154154881251503,Normal
117,3,3.974,2.0,28.4,99.0,0.0728,0.54,0.03,-0.015,0.0228,1,0.017278517493371948,Normal
118,3,3.977,2.0,28.44,99.5,0.0734,0.55,0.04,-0.014,0.0234,1,0.001383822696734649,Normal
119,3,3.979,2.0,28.49,100.0,0.074,0.57,0.05,-0.014,0.024,-1,-0.015556864124091074,Anomaly
120,3,3.98,2.0,28.53,100.0,0.0746,0.58,0.04,-0.016,0.0246,-1,-0.006097904601988446,Anomaly
121,3,3.983,2.0,28.56,100.0,0.0752,0.58,0.03,-0.017,0.0252,1,0.0019302438083328433,Normal
122,3,3.984,2.0,28.59,100.0,0.0758,0.58,0.03,-0.018,0.0258,-1,-0.0026326132038712036,Anomaly
123,3,3.988,2.0,28.64,100.0,0.0764,0.59,0.05,-0.015,0.0264,-1,-0.01895024605841078,Anomaly
124,3,3.99,2.0,28.67,100.0,0.077,0.6,0.03,-0.015,0.027,1,0.013897440349973977,Normal
125,3,3.992,2.0,28.7,100.0,0.0776,0.6,0.03,-0.015,0.0276,1,0.010827870785119709,Normal
126,3,3.993,2.0,28.74,100.0,0.0782,0.61,0.04,-0.017,0.0282,-1,-0.014197346311117132,Anomaly
127,3,3.995,2.0,28.77,100.0,0.0788,0.62,0.03,-0.016,0.0288,1,0.005874004536682631,Normal
128,3,3.996,2.0,28.8,100.0,0.0794,0.62,0.03,-0.018,0.0294,-1,-0.0058270618732646495,Anomaly
129,3,3.999,2.0,28.83,100.0,0.08,0.63,0.03,-0.017,0.03,-1,-0.003616224824930514,Anomaly
130,3,4.001,2.0,28.86,100.0,0.0806,0.63,0.03,-0.018,0.0306,-1,-0.008639610510875917,Anomaly
131,3,4.002,2.0,28.9,100.0,0.0812,0.64,0.04,-0.019,0.0312,-1,-0.028568112973788473,Anomaly
132,3,4.005,2.0,28.94,100.0,0.0818,0.64,0.04,-0.019,0.0318,-1,-0.029462420061506456,Anomaly
133,3,4.009,2.0,28.96,100.0,0.0824,0.64,0.02,-0.016,0.0324,-1,-0.0382056488390925,Anomaly
134,3,4.01,2.0,29.01,100.0,0.083,0.66,0.05,-0.018,0.033,-1,-0.04016262300315754,Anomaly
135,3,4.012,2.0,29.04,100.0,0.0836,0.66,0.03,-0.017,0.0336,-1,-0.008250877146816493,Anomaly
136,3,4.015,2.0,29.08,100.0,0.0842,0.67,0.04,-0.017,0.0342,-1,-0.018833719592425302,Anomaly
137,3,4.018,2.0,29.11,100.0,0.0848,0.67,0.03,-0.016,0.0348,1,2.788383640150993e-05,Normal
138,3,4.019,2.0,29.14,100.0,0.0854,0.67,0.03,-0.018,0.0354,-1,-0.011773534094540072,Anomaly
139,3,4.022,2.0,29.17,100.0,0.086,0.66,0.03,-0.017,0.036,-1,-0.010873241895082653,Anomaly
140,3,4.025,2.0,29.21,100.0,0.0866,0.67,0.04,-0.016,0.0366,-1,-0.014511208684923838,Anomaly
141,3,4.026,2.0,29.24,100.0,0.0872,0.66,0.03,-0.019,0.0372,-1,-0.023334172698395883,Anomaly
142,3,4.029,2.0,29.29,100.0,0.0878,0.69,0.05,-0.018,0.0378,-1,-0.04247895613127495,Anomaly
143,3,4.033,2.0,29.33,100.0,0.0884,0.69,0.04,-0.017,0.0384,-1,-0.01929427470219014,Anomaly
144,3,4.034,2.0,29.36,100.0,0.089,0.69,0.03,-0.019,0.039,-1,-0.022006157713955643,Anomaly
145,3,4.036,2.0,29.4,100.0,0.0896,0.7,0.04,-0.019,0.0396,-1,-0.030630898241188698,Anomaly
146,3,4.038,2.0,29.44,100.0,0.0902,0.72,0.04,-0.019,0.0402,-1,-0.031044100764740845,Anomaly
147,3,4.04,2.0,29.48,100.0,0.0908,0.72,0.04,-0.019,0.0408,-1,-0.030609002974115174,Anomaly
148,3,4.041,2.0,29.51,100.0,0.0914,0.71,0.03,-0.02,0.0414,-1,-0.031307319755877416,Anomaly
149,3,4.043,2.0,29.55,100.0,0.092,0.72,0.04,-0.021,0.042,-1,-0.0352943633474746,Anomaly
150,3,4.044,2.0,29.58,100.0,0.0926,0.73,0.03,-0.022,0.0426,-1,-0.03099584954722434,Anomaly
151,3,4.047,2.0,29.6,100.0,0.0932,0.71,0.02,-0.021,0.0432,-1,-0.06629379193621776,Anomaly
152,3,4.05,2.0,29.64,100.0,0.0938,0.72,0.04,-0.021,0.0438,-1,-0.037092564861157085,Anomaly
153,3,4.051,2.0,29.67,100.0,0.0944,0.72,0.03,-0.021,0.0444,-1,-0.034682329171008,Anomaly
154,3,4.052,2.0,29.7,100.0,0.095,0.73,0.03,-0.023,0.045,-1,-0.034682329171008,Anomaly
155,3,4.055,2.0,29.74,100.0,0.0956,0.73,0.04,-0.024,0.0456,-1,-0.040098124072583397,Anomaly
156,3,4.058,2.0,29.77,100.0,0.0962,0.73,0.03,-0.023,0.0462,-1,-0.03601368118167003,Anomaly
157,3,4.06,2.0,29.8,100.0,0.0968,0.73,0.03,-0.025,0.0468,-1,-0.0368864059865911,Anomaly
158,3,4.061,2.0,29.84,100.0,0.0974,0.73,0.04,-0.025,0.0474,-1,-0.04173755061003748,Anomaly
159,3,4.062,2.0,29.88,100.0,0.098,0.74,0.04,-0.026,0.048,-1,-0.041560540092790865,Anomaly
160,3,4.063,2.0,29.92,100.0,0.0986,0.75,0.04,-0.027,0.0486,-1,-0.041776887935701,Anomaly
161,3,4.063,2.0,29.96,100.0,0.0992,0.76,0.04,-0.031,0.0492,-1,-0.042799296214463656,Anomaly
162,3,4.064,2.0,30.0,100.0,0.0998,0.77,0.04,-0.034,0.0498,-1,-0.04249215500905523,Anomaly
163,3,4.066,2.0,30.05,100.0,0.1004,0.79,0.05,-0.033,0.0504,-1,-0.06400091638355387,Anomaly
164,3,4.068,2.0,30.08,100.0,0.101,0.78,0.03,-0.032,0.051,-1,-0.04401478939374459,Anomaly
165,3,4.069,2.0,30.11,100.0,0.1016,0.78,0.03,-0.035,0.0516,-1,-0.04376292677406912,Anomaly
166,3,4.072,2.0,30.15,100.0,0.1022,0.79,0.04,-0.035,0.0522,-1,-0.0448653199520932,Anomaly
167,3,4.073,2.0,30.19,100.0,0.1028,0.8,0.04,-0.035,0.0528,-1,-0.04402522435300682,Anomaly
168,3,4.076,2.0,30.22,100.0,0.1034,0.8,0.03,-0.034,0.0534,-1,-0.04527406047703386,Anomaly
169,3,4.078,2.0,30.25,100.0,0.104,0.8,0.03,-0.035,0.054,-1,-0.046851282357547874,Anomaly
170,3,4.08,2.0,30.29,100.0,0.1046,0.81,0.04,-0.036,0.0546,-1,-0.04715360763694454,Anomaly
171,3,4.082,2.0,30.33,100.0,0.1052,0.81,0.04,-0.037,0.0552,-1,-0.04715360763694454,Anomaly
172,3,4.085,2.0,30.37,100.0,0.1058,0.82,0.04,-0.038,0.0558,-1,-0.04723298523642161,Anomaly
173,3,4.086,2.0,30.41,100.0,0.1064,0.82,0.04,-0.041,0.0564,-1,-0.047862499943789105,Anomaly
174,3,4.089,2.0,30.45,100.0,0.107,0.82,0.04,-0.04,0.057,-1,-0.04948089619271678,Anomaly
175,3,4.092,2.0,30.49,100.0,0.1076,0.83,0.04,-0.039,0.0576,-1,-0.05030426703895363,Anomaly
176,3,4.093,2.0,30.53,100.0,0.1082,0.84,0.04,-0.042,0.0582,-1,-0.0515283837285645,Anomaly
177,3,4.094,2.0,30.57,100.0,0.1088,0.85,0.04,-0.042,0.0588,-1,-0.0527967798270117,Anomaly
178,3,4.097,2.0,30.6,100.0,0.1094,0.84,0.03,-0.041,0.0594,-1,-0.058120554908826505,Anomaly
179,3,4.1,2.0,30.64,100.0,0.11,0.86,0.04,-0.041,0.06,-1,-0.05698123205678851,Anomaly
180,3,4.103,2.0,30.68,100.0,0.1106,0.87,0.04,-0.042,0.0606,-1,-0.059297203721692227,Anomaly
181,3,4.106,2.0,30.72,100.0,0.1112,0.88,0.04,-0.041,0.0612,-1,-0.0596124861721814,Anomaly
182,3,4.109,2.0,30.75,100.0,0.1118,0.88,0.03,-0.04,0.0618,-1,-0.06173997454454361,Anomaly
183,3,4.112,2.0,30.78,100.0,0.1124,0.88,0.03,-0.04,0.0624,-1,-0.06400535030299082,Anomaly
184,3,4.114,2.0,30.81,100.0,0.113,0.88,0.03,-0.039,0.063,-1,-0.06375803842314198,Anomaly
185,3,4.117,2.0,30.85,100.0,0.1136,0.88,0.04,-0.037,0.0636,-1,-0.05892589466264653,Anomaly
186,3,4.119,2.0,30.89,100.0,0.1142,0.89,0.04,-0.037,0.0642,-1,-0.058493611021755876,Anomaly
187,3,4.12,2.0,30.93,100.0,0.1148,0.9,0.04,-0.04,0.0648,-1,-0.05913455970815551,Anomaly
188,3,4.123,2.0,30.96,100.0,0.1154,0.89,0.03,-0.041,0.0654,-1,-0.06265440743687889,Anomaly
189,3,4.126,2.0,31.0,100.0,0.116,0.89,0.04,-0.039,0.066,-1,-0.058067436658553295,Anomaly
190,3,4.129,2.0,31.04,100.0,0.1166,0.9,0.04,-0.04,0.0666,-1,-0.059025755859381523,Anomaly
191,3,4.131,2.0,31.08,100.0,0.1172,0.9,0.04,-0.04,0.0672,-1,-0.05937726757110062,Anomaly
192,3,4.133,2.0,31.12,100.0,0.1178,0.91,0.04,-0.041,0.0678,-1,-0.05937726757110062,Anomaly
193,3,4.135,2.0,31.15,100.0,0.1184,0.91,0.03,-0.041,0.0684,-1,-0.06520517526225711,Anomaly
194,3,4.138,2.0,31.18,100.0,0.119,0.91,0.03,-0.039,0.069,-1,-0.06813647434708348,Anomaly
195,3,4.14,2.0,31.22,100.0,0.1196,0.91,0.04,-0.04,0.0696,-1,-0.06484396097364675,Anomaly
196,3,4.141,2.0,31.25,100.0,0.1202,0.9,0.03,-0.042,0.0702,-1,-0.06900427447986279,Anomaly
197,3,4.142,2.0,31.29,100.0,0.1208,0.91,0.04,-0.044,0.0708,-1,-0.06462830800653463,Anomaly
198,3,4.145,2.0,31.34,100.0,0.1214,0.93,0.05,-0.043,0.0714,-1,-0.08588026588528752,Anomaly
199,3,4.147,2.0,31.38,100.0,0.122,0.94,0.04,-0.044,0.072,-1,-0.06425448851032634,Anomaly
0,4,3.702,2.0,25.03,40.5,0.05,0.0,0.0,-0.001,0.0,-1,-0.04499502983761061,Anomaly
1,4,3.705,2.0,25.05,41.0,0.05,0.0,0.02,0.0,0.0,1,0.10258961947413575,Normal
2,4,3.707,2.0,25.07,41.5,0.05,0.0,0.02,0.001,0.0,1,0.10718522761419697,Normal
3,4,3.71,2.0,25.09,42.0,0.05,0.0,0.02,0.0,0.0,1,0.11610678845055389,Normal
4,4,3.711,2.0,25.12,42.5,0.05,0.01,0.03,-0.002,0.0,1,0.0821115966614081,Normal
5,4,3.715,2.0,25.14,43.0,0.05,0.01,0.02,0.0,0.0,1,0.11303410859011037,Normal
6,4,3.718,2.0,25.16,43.5,0.05,0.01,0.02,0.001,0.0,1,0.11672111887937764,Normal
7,4,3.722,2.0,25.19,44.0,0.05,0.02,0.03,0.002,0.0,1,0.08450912395459864,Normal
8,4,3.723,2.0,25.22,44.5,0.05,0.03,0.03,0.001,0.0,1,0.08556520872079554,Normal
9,4,3.727,2.0,25.24,45.0,0.05,0.02,0.02,0.003,0.0,1,0.11047864189821638,Normal
10,4,3.73,2.0,25.26,45.5,0.05,0.02,0.02,0.003,0.0,1,0.11677052244406738,Normal
11,4,3.732,2.0,25.29,46.0,0.05,0.02,0.03,0.002,0.0,1,0.1041430170110903,Normal
12,4,3.733,2.0,25.31,46.5,0.05,0.02,0.02,0.001,0.0,1,0.1320515376057525,Normal
13,4,3.736,2.0,25.33,47.0,0.05,0.02,0.02,0.002,0.0,1,0.1340234468370673,Normal
14,4,3.737,2.0,25.35,47.5,0.05,0.02,0.02,0.002,0.0,1,0.1362622451194091,Normal
15,4,3.74,2.0,25.37,48.0,0.05,0.01,0.02,0.003,0.0,1,0.13564626489824866,Normal
16,4,3.741,2.0,25.4,48.5,0.05,0.02,0.03,0.0,0.0,1,0.11526894658359194,Normal
17,4,3.743,2.0,25.42,49.0,0.05,0.02,0.02,0.001,0.0,1,0.13838521158029182,Normal
18,4,3.747,2.0,25.44,49.5,0.05,0.02,0.02,0.002,0.0,1,0.136487236148789,Normal
19,4,3.749,2.0,25.46,50.0,0.05,0.02,0.02,0.001,0.0,1,0.13948320720848129,Normal
20,4,3.751,2.0,25.49,50.5,0.05,0.02,0.03,0.002,0.0,1,0.11807438549897087,Normal
21,4,3.755,2.0,25.52,51.0,0.05,0.03,0.03,0.002,0.0,1,0.11288942178501271,Normal
22,4,3.756,2.0,25.54,51.5,0.05,0.03,0.02,0.001,0.0,1,0.13062577620619092,Normal
23,4,3.757,2.0,25.56,52.0,0.05,0.03,0.02,-0.001,0.0,1,0.13354391103381313,Normal
24,4,3.759,2.0,25.59,52.5,0.05,0.03,0.03,-0.001,0.0,1,0.12126446426206683,Normal
25,4,3.76,2.0,25.62,53.0,0.05,0.04,0.03,-0.003,0.0,1,0.11590012734553079,Normal
26,4,3.761,2.0,25.63,53.5,0.05,0.03,0.01,-0.005,0.0,1,0.044270349092619954,Normal
27,4,3.765,2.0,25.66,54.0,0.05,0.04,0.03,-0.003,0.0,1,0.12077063098233387,Normal
28,4,3.768,2.0,25.68,54.5,0.05,0.04,0.02,-0.002,0.0,1,0.12540453403938034,Normal
29,4,3.77,2.0,25.71,55.0,0.05,0.05,0.03,-0.004,0.0,1,0.10641530699283597,Normal
30,4,3.771,2.0,25.74,55.5,0.05,0.05,0.03,-0.007,0.0,1,0.09611016734949357,Normal
31,4,3.773,2.0,25.75,56.0,0.05,0.04,0.01,-0.006,0.0,1,0.04112689302078365,Normal
32,4,3.776,2.0,25.78,56.5,0.05,0.05,0.03,-0.006,0.0,1,0.10342545139689219,Normal
33,4,3.779,2.0,25.8,57.0,0.05,0.04,0.02,-0.005,0.0,1,0.1311141344958161,Normal
34,4,3.781,2.0,25.82,57.5,0.05,0.04,0.02,-0.007,0.0,1,0.11646790166352883,Normal
35,4,3.784,2.0,25.85,58.0,0.05,0.06,0.03,-0.006,0.0,1,0.09578350863411267,Normal
36,4,3.787,2.0,25.86,58.5,0.05,0.04,0.01,-0.005,0.0,1,0.046318719757235005,Normal
37,4,3.789,2.0,25.88,59.0,0.05,0.04,0.02,-0.005,0.0,1,0.1388864174997677,Normal
38,4,3.79,2.0,25.91,59.5,0.05,0.04,0.03,-0.005,0.0,1,0.1326446219384208,Normal
39,4,3.792,2.0,25.93,60.0,0.05,0.04,0.02,-0.007,0.0,1,0.1277721304824032,Normal
40,4,3.795,2.0,25.94,60.5,0.05,0.04,0.01,-0.007,0.0,1,0.043316462109276865,Normal
41,4,3.798,2.0,25.96,61.0,0.05,0.03,0.02,-0.005,0.0,1,0.1466352990981375,Normal
42,4,3.799,2.0,25.99,61.5,0.05,0.03,0.03,-0.006,0.0,1,0.1345943824444652,Normal
43,4,3.801,2.0,26.01,62.0,0.05,0.03,0.02,-0.007,0.0,1,0.13479090668436067,Normal
44,4,3.803,2.0,26.04,62.5,0.05,0.04,0.03,-0.006,0.0,1,0.13257667168519566,Normal
45,4,3.804,2.0,26.06,63.0,0.05,0.03,0.02,-0.008,0.0,1,0.12871702021724618,Normal
46,4,3.807,2.0,26.07,63.5,0.05,0.03,0.01,-0.008,0.0,1,0.04693833435250705,Normal
47,4,3.809,2.0,26.09,64.0,0.05,0.03,0.02,-0.008,0.0,1,0.13024037931992188,Normal
48,4,3.81,2.0,26.11,64.5,0.05,0.03,0.02,-0.009,0.0,1,0.12369032620346176,Normal
49,4,3.813,2.0,26.14,65.0,0.05,0.03,0.03,-0.007,0.0,1,0.1252856929407864,Normal
50,4,3.817,2.0,26.16,65.5,0.05,0.03,0.02,-0.005,0.0,1,0.15020082878023566,Normal
51,4,3.819,2.0,26.19,66.0,0.05,0.04,0.03,-0.005,0.0,1,0.13357880927306742,Normal
52,4,3.82,2.0,26.21,66.5,0.05,0.04,0.02,-0.005,0.0,1,0.14661753203883987,Normal
53,4,3.824,2.0,26.23,67.0,0.05,0.03,0.02,-0.004,0.0,1,0.15292658553644245,Normal
54,4,3.826,2.0,26.26,67.5,0.05,0.03,0.03,-0.004,0.0,1,0.14003488305669942,Normal
55,4,3.829,2.0,26.29,68.0,0.05,0.04,0.03,-0.005,0.0,1,0.13356552775319402,Normal
56,4,3.832,2.0,26.31,68.5,0.05,0.03,0.02,-0.006,0.0,1,0.14951512233450637,Normal
57,4,3.834,2.0,26.33,69.0,0.05,0.02,0.02,-0.006,0.0,1,0.14744390788668438,Normal
58,4,3.836,2.0,26.36,69.5,0.05,0.04,0.03,-0.007,0.0,1,0.12528173892430855,Normal
59,4,3.84,2.0,26.38,70.0,0.05,0.04,0.02,-0.007,0.0,1,0.13609186893502057,Normal
60,4,3.841,2.0,26.4,70.5,0.05,0.03,0.02,-0.01,0.0,1,0.12439852373134852,Normal
61,4,3.843,2.0,26.43,71.0,0.05,0.04,0.03,-0.009,0.0,1,0.11637447796897693,Normal
62,4,3.845,2.0,26.45,71.5,0.05,0.03,0.02,-0.01,0.0,1,0.12440473413313946,Normal
63,4,3.847,2.0,26.47,72.0,0.05,0.04,0.02,-0.009,0.0,1,0.12380697801990953,Normal
64,4,3.85,2.0,26.5,72.5,0.05,0.05,0.03,-0.009,0.0,1,0.10943646733104107,Normal
65,4,3.851,2.0,26.53,73.0,0.05,0.06,0.03,-0.011,0.0,1,0.09274167851309267,Normal
66,4,3.853,2.0,26.55,73.5,0.05,0.06,0.02,-0.011,0.0,1,0.08755821909261785,Normal
67,4,3.854,2.0,26.56,74.0,0.05,0.04,0.01,-0.014,0.0,1,0.02161133098173229,Normal
68,4,3.856,2.0,26.59,74.5,0.05,0.05,0.03,-0.014,0.0,1,0.09191465753327871,Normal
69,4,3.857,2.0,26.6,75.0,0.05,0.04,0.01,-0.017,0.0,1,0.010581568789049922,Normal
70,4,3.86,2.0,26.63,75.5,0.05,0.05,0.03,-0.015,0.0,1,0.09705365210579076,Normal
71,4,3.863,2.0,26.65,76.0,0.05,0.05,0.02,-0.016,0.0,1,0.08247600424382717,Normal
72,4,3.867,2.0,26.67,76.5,0.05,0.04,0.02,-0.014,0.0,1,0.10688556966743551,Normal
73,4,3.869,2.0,26.7,77.0,0.05,0.05,0.03,-0.015,0.0,1,0.09994933102957132,Normal
74,4,3.871,2.0,26.72,77.5,0.05,0.04,0.02,-0.017,0.0,1,0.08979260496231972,Normal
75,4,3.874,2.0,26.74,78.0,0.05,0.04,0.02,-0.017,0.0,1,0.09003836056341197,Normal
76,4,3.875,2.0,26.76,78.5,0.05,0.04,0.02,-0.017,0.0,1,0.09010470581265212,Normal
77,4,3.878,2.0,26.79,79.0,0.05,0.06,0.03,-0.018,0.0,1,0.06654243451696262,Normal
78,4,3.882,2.0,26.82,79.5,0.05,0.06,0.03,-0.016,0.0,1,0.09175633165086483,Normal
79,4,3.885,2.0,26.84,80.0,0.05,0.05,0.02,-0.015,0.0,1,0.09497653417468876,Normal
80,4,3.888,2.0,26.85,80.5,0.05,0.04,0.01,-0.015,0.0,1,0.022613513662656737,Normal
81,4,3.892,2.0,26.87,81.0,0.05,0.04,0.02,-0.012,0.0,1,0.1173661438736468,Normal
82,4,3.894,2.0,26.89,81.5,0.05,0.04,0.02,-0.012,0.0,1,0.11644955574347277,Normal
83,4,3.895,2.0,26.91,82.0,0.05,0.03,0.02,-0.013,0.0,1,0.11454324056885368,Normal
84,4,3.898,2.0,26.94,82.5,0.05,0.04,0.03,-0.012,0.0,1,0.12304524226866781,Normal
85,4,3.9,2.0,26.97,83.0,0.05,0.05,0.03,-0.013,0.0,1,0.11734368293783531,Normal
86,4,3.903,2.0,26.99,83.5,0.05,0.05,0.02,-0.013,0.0,1,0.10160690650466958,Normal
87,4,3.904,2.0,27.01,84.0,0.05,0.03,0.02,-0.015,0.0,1,0.09880985826832173,Normal
88,4,3.906,2.0,27.03,84.5,0.05,0.02,0.02,-0.015,0.0,1,0.08849228112835916,Normal
89,4,3.909,2.0,27.06,85.0,0.05,0.03,0.03,-0.014,0.0,1,0.11301526890739988,Normal
90,4,3.912,2.0,27.09,85.5,0.05,0.03,0.03,-0.014,0.0,1,0.11304883091150625,Normal
91,4,3.913,2.0,27.12,86.0,0.05,0.03,0.03,-0.015,0.0,1,0.11074638437347012,Normal
92,4,3.916,2.0,27.16,86.5,0.05,0.05,0.04,-0.015,0.0,1,0.03635576581670186,Normal
93,4,3.919,2.0,27.18,87.0,0.05,0.04,0.02,-0.015,0.0,1,0.09046407112661714,Normal
94,4,3.921,2.0,27.21,87.5,0.05,0.04,0.03,-0.016,0.0,1,0.11075417488652795,Normal
95,4,3.923,2.0,27.24,88.0,0.05,0.04,0.03,-0.017,0.0,1,0.10155492348310124,Normal
96,4,3.925,2.0,27.27,88.5,0.05,0.04,0.03,-0.017,0.0,1,0.10179672314286947,Normal
97,4,3.928,2.0,27.29,89.0,0.05,0.03,0.02,-0.016,0.0,1,0.08278756974347995,Normal
98,4,3.93,2.0,27.32,89.5,0.05,0.02,0.03,-0.015,0.0,1,0.09920335800259067,Normal
99,4,3.931,2.0,27.36,90.0,0.05,0.04,0.04,-0.016,0.0,1,0.03783353430601766,Normal
100,4,3.934,2.0,27.38,90.5,0.05,0.02,0.02,-0.015,0.0,1,0.0759935901187605,Normal
101,4,3.935,2.0,27.42,91.0,0.05,0.03,0.04,-0.016,0.0,1,0.03559537439141447,Normal
102,4,3.936,2.0,27.46,91.5,0.05,0.04,0.04,-0.016,0.0,1,0.040270001167658,Normal
103,4,3.938,2.0,27.49,92.0,0.05,0.04,0.03,-0.017,0.0,1,0.09617902447904131,Normal
104,4,3.939,2.0,27.52,92.5,0.05,0.05,0.03,-0.02,0.0,1,0.059456338893668415,Normal
105,4,3.941,2.0,27.55,93.0,0.05,0.05,0.03,-0.019,0.0,1,0.06645773942747157,Normal
106,4,3.944,2.0,27.59,93.5,0.05,0.07,0.04,-0.019,0.0,1,0.0025149690594119534,Normal
107,4,3.947,2.0,27.63,94.0,0.05,0.08,0.04,-0.017,0.0,1,0.01945046415293339,Normal
108,4,3.951,2.0,27.66,94.5,0.05,0.07,0.03,-0.017,0.0,1,0.07494229412075726,Normal
109,4,3.955,2.0,27.7,95.0,0.05,0.08,0.04,-0.014,0.0,1,0.035830790955173164,Normal
110,4,3.959,2.0,27.73,95.5,0.05,0.07,0.03,-0.011,0.0,1,0.09499194329008648,Normal
111,4,3.961,2.0,27.76,96.0,0.05,0.08,0.03,-0.013,0.0,1,0.08764728968584745,Normal
112,4,3.963,2.0,27.79,96.5,0.05,0.08,0.03,-0.012,0.0,1,0.08988638906723995,Normal
113,4,3.965,2.0,27.81,97.0,0.05,0.07,0.02,-0.013,0.0,1,0.04782513456830828,Normal
114,4,3.967,2.0,27.84,97.5,0.05,0.07,0.03,-0.014,0.0,1,0.08804071212136078,Normal
115,4,3.971,2.0,27.86,98.0,0.05,0.06,0.02,-0.013,0.0,1,0.05243534227802904,Normal
116,4,3.975,2.0,27.9,98.5,0.05,0.08,0.04,-0.012,0.0,1,0.04262566311280991,Normal
117,4,3.978,2.0,27.93,99.0,0.05,0.07,0.03,-0.011,0.0,1,0.09370072580598865,Normal
118,4,3.981,2.0,27.97,99.5,0.05,0.08,0.04,-0.01,0.0,1,0.041696314053214056,Normal
119,4,3.985,2.0,28.0,100.0,0.05,0.08,0.03,-0.008,0.0,1,0.07733079919970876,Normal
120,4,3.986,2.0,28.04,100.0,0.05,0.09,0.04,-0.01,0.0,1,0.04048813083237501,Normal
121,4,3.987,2.0,28.08,100.0,0.05,0.1,0.04,-0.013,0.0,1,0.04338490034870479,Normal
122,4,3.989,2.0,28.11,100.0,0.05,0.1,0.03,-0.013,0.0,1,0.08295114970822065,Normal
123,4,3.991,2.0,28.14,100.0,0.05,0.09,0.03,-0.012,0.0,1,0.08529452416759176,Normal
124,4,3.993,2.0,28.17,100.0,0.05,0.1,0.03,-0.012,0.0,1,0.0848550456035565,Normal
125,4,3.995,2.0,28.2,100.0,0.05,0.1,0.03,-0.012,0.0,1,0.08528502844625818,Normal
126,4,3.998,2.0,28.23,100.0,0.05,0.1,0.03,-0.012,0.0,1,0.08707062570902768,Normal
127,4,3.999,2.0,28.27,100.0,0.05,0.12,0.04,-0.012,0.0,1,0.049095380162687,Normal
128,4,4.002,2.0,28.3,100.0,0.05,0.12,0.03,-0.012,0.0,1,0.08055634116561006,Normal
129,4,4.005,2.0,28.34,100.0,0.05,0.14,0.04,-0.011,0.0,1,0.046945896792179864,Normal
130,4,4.009,2.0,28.36,100.0,0.05,0.13,0.02,-0.01,0.0,1,0.02701648014592173,Normal
131,4,4.01,2.0,28.39,100.0,0.05,0.13,0.03,-0.011,0.0,1,0.07530495564959594,Normal
132,4,4.011,2.0,28.43,100.0,0.05,0.13,0.04,-0.013,0.0,1,0.041920926527668545,Normal
133,4,4.013,2.0,28.46,100.0,0.05,0.14,0.03,-0.012,0.0,1,0.07477700949940125,Normal
134,4,4.016,2.0,28.5,100.0,0.05,0.15,0.04,-0.012,0.0,1,0.044620467235477634,Normal
135,4,4.018,2.0,28.54,100.0,0.05,0.16,0.04,-0.011,0.0,1,0.04975310624689844,Normal
136,4,4.02,2.0,28.56,100.0,0.05,0.15,0.02,-0.012,0.0,1,0.02057079847504184,Normal
137,4,4.024,2.0,28.59,100.0,0.05,0.15,0.03,-0.01,0.0,1,0.07017709304640918,Normal
138,4,4.027,2.0,28.62,100.0,0.05,0.15,0.03,-0.01,0.0,1,0.0718715347004707,Normal
139,4,4.029,2.0,28.65,100.0,0.05,0.14,0.03,-0.01,0.0,1,0.07294161900823032,Normal
140,4,4.033,2.0,28.69,100.0,0.05,0.15,0.04,-0.008,0.0,1,0.03228663740230364,Normal
141,4,4.034,2.0,28.73,100.0,0.05,0.15,0.04,-0.011,0.0,1,0.050990400178550055,Normal
142,4,4.036,2.0,28.76,100.0,0.05,0.16,0.03,-0.011,0.0,1,0.07597927353350203,Normal
143,4,4.038,2.0,28.8,100.0,0.05,0.16,0.04,-0.012,0.0,1,0.048974834546754664,Normal
144,4,4.042,2.0,28.84,100.0,0.05,0.17,0.04,-0.011,0.0,1,0.04683101833013037,Normal
145,4,4.044,2.0,28.87,100.0,0.05,0.17,0.03,-0.011,0.0,1,0.07287212505254825,Normal
146,4,4.046,2.0,28.9,100.0,0.05,0.18,0.03,-0.011,0.0,1,0.07463397526870802,Normal
147,4,4.047,2.0,28.93,100.0,0.05,0.17,0.03,-0.012,0.0,1,0.07201248302782182,Normal
148,4,4.05,2.0,28.96,100.0,0.05,0.16,0.03,-0.011,0.0,1,0.0758500130429523,Normal
149,4,4.051,2.0,29.0,100.0,0.05,0.17,0.04,-0.013,0.0,1,0.038603585896236914,Normal
150,4,4.053,2.0,29.03,100.0,0.05,0.18,0.03,-0.013,0.0,1,0.07081936771965258,Normal
151,4,4.056,2.0,29.07,100.0,0.05,0.18,0.04,-0.012,0.0,1,0.043321011701867085,Normal
152,4,4.057,2.0,29.1,100.0,0.05,0.18,0.03,-0.014,0.0,1,0.0579014898368696,Normal
153,4,4.06,2.0,29.13,100.0,0.05,0.18,0.03,-0.012,0.0,1,0.07315776996976942,Normal
154,4,4.062,2.0,29.17,100.0,0.05,0.2,0.04,-0.013,0.0,1,0.03270921489847778,Normal
155,4,4.064,2.0,29.2,100.0,0.05,0.19,0.03,-0.015,0.0,1,0.04393691299187441,Normal
156,4,4.066,2.0,29.23,100.0,0.05,0.19,0.03,-0.015,0.0,1,0.042493265875368724,Normal
157,4,4.069,2.0,29.26,100.0,0.05,0.19,0.03,-0.016,0.0,1,0.03445875503977347,Normal
158,4,4.073,2.0,29.29,100.0,0.05,0.18,0.03,-0.013,0.0,1,0.06473308614388362,Normal
159,4,4.076,2.0,29.31,100.0,0.05,0.17,0.02,-0.012,0.0,1,0.007344291717395923,Normal
160,4,4.078,2.0,29.34,100.0,0.05,0.17,0.03,-0.012,0.0,1,0.06457368991446033,Normal
161,4,4.081,2.0,29.37,100.0,0.05,0.17,0.03,-0.013,0.0,1,0.05696868200269578,Normal
162,4,4.085,2.0,29.41,100.0,0.05,0.18,0.04,-0.013,0.0,1,0.03321828043532493,Normal
163,4,4.088,2.0,29.45,100.0,0.05,0.19,0.04,-0.011,0.0,1,0.039145182049167504,Normal
164,4,4.091,2.0,29.49,100.0,0.05,0.19,0.04,-0.009,0.0,1,0.02886025762965172,Normal
165,4,4.093,2.0,29.52,100.0,0.05,0.19,0.03,-0.011,0.0,1,0.060450098559075016,Normal
166,4,4.097,2.0,29.55,100.0,0.05,0.19,0.03,-0.01,0.0,1,0.05691898607663215,Normal
167,4,4.099,2.0,29.58,100.0,0.05,0.19,0.03,-0.009,0.0,1,0.05207633736031714,Normal
168,4,4.102,2.0,29.62,100.0,0.05,0.2,0.04,-0.008,0.0,1,0.025009409139292393,Normal
169,4,4.105,2.0,29.66,100.0,0.05,0.21,0.04,-0.008,0.0,1,0.02527785136904792,Normal
170,4,4.107,2.0,29.69,100.0,0.05,0.21,0.03,-0.009,0.0,1,0.047394894309794044,Normal
171,4,4.109,2.0,29.73,100.0,0.05,0.21,0.04,-0.01,0.0,1,0.04153879238375224,Normal
172,4,4.113,2.0,29.77,100.0,0.05,0.22,0.04,-0.01,0.0,1,0.03431802736435796,Normal
173,4,4.115,2.0,29.81,100.0,0.05,0.22,0.04,-0.012,0.0,1,0.029990465987708603,Normal
174,4,4.118,2.0,29.85,100.0,0.05,0.22,0.04,-0.011,0.0,1,0.036633297651600394,Normal
175,4,4.121,2.0,29.87,100.0,0.05,0.21,0.02,-0.01,0.0,-1,-0.011865380897104094,Anomaly
176,4,4.123,2.0,29.91,100.0,0.05,0.22,0.04,-0.012,0.0,1,0.03075787734905311,Normal
177,4,4.127,2.0,29.94,100.0,0.05,0.22,0.03,-0.009,0.0,1,0.032945237571238795,Normal
178,4,4.13,2.0,29.97,100.0,0.05,0.21,0.03,-0.008,0.0,1,0.027342856441070484,Normal
179,4,4.131,2.0,30.0,100.0,0.05,0.22,0.03,-0.01,0.0,1,0.036548101048845205,Normal
180,4,4.133,2.0,30.03,100.0,0.05,0.22,0.03,-0.012,0.0,1,0.026933154810789395,Normal
181,4,4.136,2.0,30.07,100.0,0.05,0.23,0.04,-0.011,0.0,1,0.025113024644017767,Normal
182,4,4.138,2.0,30.11,100.0,0.05,0.24,0.04,-0.011,0.0,1,0.022162946651801296,Normal
183,4,4.141,2.0,30.15,100.0,0.05,0.25,0.04,-0.011,0.0,1,0.018684237643595725,Normal
184,4,4.142,2.0,30.18,100.0,0.05,0.25,0.03,-0.011,0.0,1,0.013236039231305563,Normal
185,4,4.144,2.0,30.22,100.0,0.05,0.25,0.04,-0.01,0.0,1,0.015952599550471014,Normal
186,4,4.146,2.0,30.26,100.0,0.05,0.26,0.04,-0.01,0.0,1,0.01241220134537202,Normal
187,4,4.148,2.0,30.31,100.0,0.05,0.28,0.05,-0.012,0.0,-1,-0.022995434939455217,Anomaly
188,4,4.151,2.0,30.35,100.0,0.05,0.28,0.04,-0.013,0.0,-1,-0.0092092161949201,Anomaly
189,4,4.155,2.0,30.39,100.0,0.05,0.28,0.04,-0.01,0.0,-1,-0.0005767383337669241,Anomaly
190,4,4.159,2.0,30.43,100.0,0.05,0.29,0.04,-0.01,0.0,-1,-0.006828144879578724,Anomaly
191,4,4.161,2.0,30.46,100.0,0.05,0.28,0.03,-0.01,0.0,-1,-0.007416830214488912,Anomaly
192,4,4.164,2.0,30.49,100.0,0.05,0.28,0.03,-0.01,0.0,-1,-0.012401968646458705,Anomaly
193,4,4.167,2.0,30.53,100.0,0.05,0.29,0.04,-0.009,0.0,-1,-0.0312771481967179,Anomaly
194,4,4.168,2.0,30.57,100.0,0.05,0.3,0.04,-0.009,0.0,-1,-0.0390442541983117,Anomaly
195,4,4.169,2.0,30.61,100.0,0.05,0.3,0.04,-0.011,0.0,-1,-0.03075159497406521,Anomaly
196,4,4.17,2.0,30.64,100.0,0.05,0.29,0.03,-0.013,0.0,-1,-0.04203510045020531,Anomaly
197,4,4.171,2.0,30.67,100.0,0.05,0.29,0.03,-0.015,0.0,-1,-0.06012696153666375,Anomaly
198,4,4.175,2.0,30.71,100.0,0.05,0.3,0.04,-0.013,0.0,-1,-0.0550575920870473,Anomaly
199,4,4.178,2.0,30.75,100.0,0.05,0.31,0.04,-0.013,0.0,-1,-0.0629700809029139,Anomaly
