Cycle,SoH (%),Predicted SoH (%),Prediction Error (%)
121,69.0375,69.17,0.14
122,67.7391,67.92,0.18
123,67.2255,67.19,-0.03
124,66.6875,66.72,0.04
125,66.4506,66.42,-0.03
126,66.2008,65.99,-0.21
127,65.6897,65.77,0.08
128,65.4061,65.52,0.12
129,65.1455,65.05,-0.09
130,64.9317,64.92,-0.02
131,64.9143,64.82,-0.09
132,64.6403,64.63,-0.01
133,64.8985,65.02,0.12
134,66.2019,66.34,0.14
135,65.1495,65.39,0.25
136,64.3686,64.7,0.33
137,64.1278,64.19,0.06
138,63.8914,64.18,0.29
139,63.8831,64.15,0.26
140,63.3559,63.69,0.33
141,62.8521,63.12,0.27
142,62.8499,62.98,0.13
143,62.5958,63.05,0.46
144,62.6003,62.82,0.22
145,62.0911,62.33,0.24
146,61.8147,62.0,0.18
147,61.575,61.85,0.27
148,61.5736,62.03,0.45
149,61.3209,61.59,0.27
150,61.5837,61.89,0.3
151,63.3706,64.02,0.65
152,62.0801,62.67,0.59
153,61.3154,61.96,0.65
154,60.5364,61.46,0.92
155,60.2904,61.08,0.79
156,60.0264,60.77,0.75
157,59.5038,60.38,0.88
158,59.2342,60.16,0.92
159,59.0022,59.86,0.86
160,58.496,59.55,1.06
161,58.2301,59.29,1.06
162,57.9595,59.09,1.13
163,57.7101,58.83,1.12
164,56.6893,57.95,1.26
165,57.2092,58.26,1.05
166,56.9339,58.12,1.19
167,57.7287,59.15,1.42
168,58.2545,59.91,1.66
